"Site";"ID";"Mg24";"Al27";"Cr52";"Fe57";"Cu65";"Zn66";"Rb85";"Sr87";"Ba138";"Pb208";"Habitat";"Day";"Month";"Year";"Season";"lat";"lon";"TL";"FL";"SL";"Weight";"Fulton"
"AB";"ID292";394.87452998;5.6432849674;3.4628502166;52.15684254;0.9886750662;1.1699570266;0.1966497622;2223.4433824;0.9388056972;0.0304088674;"Non-upwelling";NA;"FEB";2023;"Late wet";"-17.962903";"-38.707387";676;641;563;4467;1.44602521044442
"AB";"ID293";383.01192068;6.4724807626;34.782846996;15.273088397;0.4177495336;6.1460135078;0.4909281172;2774.0432922;0.972443043;0.011038613;"Non-upwelling";NA;"FEB";2023;"Late wet";"-17.962903";"-38.707387";600;564;491;2774;1.28425925925926
"AB";"ID294";403.26008332;7.769932741;38.897965978;21.317864772;0.30856183;4.693473625;0.2614807102;2327.0679358;1.1755737096;0.0062524964;"Non-upwelling";NA;"FEB";2023;"Late wet";"-17.962903";"-38.707387";751;709;625;6194;1.46235020392431
"AB";"ID295";398.6137291;5.3203858634;24.774800578;10.1564340662;0.41419516;4.3405859958;0.3150680738;2583.0639436;0.5809716054;0.0073116152;"Non-upwelling";NA;"FEB";2023;"Late wet";"-17.962903";"-38.707387";616;590;521;3820;1.63426028348444
"AB";"ID296";397.13815498;79.638195368;0.0887688314;58.612453286;1.0928894792;2.8341371144;0.434411352;2058.670101;0.7617486956;0.0134521166;"Non-upwelling";NA;"FEB";2023;"Late wet";"-17.962903";"-38.707387";557;528;451;2490;1.44089973529283
"AB";"ID297";325.34926852;7.3183066674;4.9047676998;35.005953514;0.2130016666;0.926847817;0.3837238478;2788.1725786;0.4573005568;0.0121737252;"Non-upwelling";NA;"FEB";2023;"Late wet";"-17.962903";"-38.707387";465;440;379;1376;1.36854655333391
"AB";"ID298";428.08428812;82.269793544;14.213481856;32.655834032;0.5679297366;4.8801054426;0.6881011806;2383.9908632;0.4763419248;0.0355973964;"Non-upwelling";NA;"FEB";2023;"Late wet";"-17.962903";"-38.707387";433;419;366;1235;1.52125937808675
"AB";"ID299";357.29851092;24.229173516;33.030443924;23.877747966;0.6130588218;1.8972166046;0.162923161;2381.6598322;0.6620915936;0.0403038366;"Non-upwelling";NA;"FEB";2023;"Late wet";"-17.962903";"-38.707387";581;556;482;3149;1.60562552445101
"AB";"ID300";372.4727573;6.5781272696;25.339853616;19.0708614276;0.3558596386;0.8811123434;0.1991789782;2755.2644118;1.666885145;0.008859849;"Non-upwelling";NA;"FEB";2023;"Late wet";"-17.962903";"-38.707387";513;480;411;1971;1.45993839059992
"AB";"ID301";434.04481164;13.7698885448;13.720431556;35.099594324;1.0618643932;5.4719447788;0.2097189232;2650.7051068;0.7979946728;0.0122771932;"Non-upwelling";NA;"FEB";2023;"Late wet";"-17.962903";"-38.707387";515;494;426;2207;1.61577411375394
"AB";"ID302";611.34123518;47.160990722;33.246197926;15.873102001;0.4510556002;1.6832630834;0.4339867862;2221.3113958;0.6448187238;0.08732549;"Non-upwelling";NA;"FEB";2023;"Late wet";"-17.962903";"-38.707387";551;519;443;2291;1.3695260347766
"AB";"ID303";479.19728578;2.9772477038;4.1363710972;13.8054379194;0.2869436248;2.7389033342;0.3831866624;2568.7317114;0.3626185274;0.0070801084;"Non-upwelling";NA;"FEB";2023;"Late wet";"-17.962903";"-38.707387";372;355;302;775;1.50547269433846
"AB";"ID304";331.54448254;4.5796197024;21.756499596;21.49325946;0.3104180706;2.5149265532;0.3257522508;2677.2002412;1.4078433624;0.0113110956;"Non-upwelling";NA;"FEB";2023;"Late wet";"-17.962903";"-38.707387";641;609;523;3952;1.50052365883664
"AB";"ID305";481.43752756;61.84135153;32.312928286;NA;2.3461520414;3.977562768;0.2060765422;2926.1139142;2.1111681722;0.0300616632;"Non-upwelling";NA;"FEB";2023;"Late wet";"-17.962903";"-38.707387";556;551;459;2432;1.41494381742161
"AB";"ID306";369.0697706;16.999084348;10.68261129;4.621224905;0.4078722038;5.7092810882;0.1935644354;3167.0730412;0.9397164022;0.0262617216;"Non-upwelling";NA;"FEB";2023;"Late wet";"-17.962903";"-38.707387";488;475;396;1704;1.46625708759764
"AB";"ID307";512.45962248;383.073010732;10.7184099268;14.8771499868;0.7689308598;9.1754366092;0.3964102932;2706.273666;0.5850854134;0.0827121642;"Non-upwelling";NA;"FEB";2023;"Late wet";"-17.962903";"-38.707387";440;415;362;1222;1.43454169797145
"AB";"ID308";347.00819288;11.9674047416;4.1253042002;16.479400844;0.2818726226;1.7551668678;0.2732144362;2470.9119502;1.5033682242;0.0054134132;"Non-upwelling";NA;"FEB";2023;"Late wet";"-17.962903";"-38.707387";529;497;428;2282;1.54151808417214
"AB";"ID309";563.38594712;145.783443406;17.125615802;42.335548582;0.1832742;1.5150377198;0.29016029;2284.6202366;0.4998536846;0.0193657868;"Non-upwelling";NA;"FEB";2023;"Late wet";"-17.962903";"-38.707387";475;450;391;1847;1.72339991252369
"AB";"ID310";506.39174872;19.5144435382;24.839868686;6.6199848336;0.2888896776;1.6300918534;0.1694708644;2542.0765938;0.8053070344;0.0635597238;"Non-upwelling";NA;"FEB";2023;"Late wet";"-17.962903";"-38.707387";534;495;432;2212;1.45265121455564
"AB";"ID311";378.95912668;14.5313814178;4.054078431;7.503761229;0.4113529464;3.9353619472;0.4194616908;2158.4112296;0.5348401238;0.008337489;"Non-upwelling";NA;"FEB";2023;"Late wet";"-17.962903";"-38.707387";655;614;544;4170;1.48392569517871
"AB";"ID312";373.00004318;27.2401610246;12.9721418626;14.3349576964;0.382160813;6.184794234;0.5493588626;2706.808674;1.1455209574;0.0198164942;"Non-upwelling";NA;"FEB";2023;"Late wet";"-17.962903";"-38.707387";598;573;487;3030;1.41689959623131
"AB";"ID313";390.8636526;349.070478404;20.935865088;36.48345938;0.5303828316;5.4194199816;0.505040541;2553.6938426;0.6797035088;0.0354239498;"Non-upwelling";NA;"FEB";2023;"Late wet";"-17.962903";"-38.707387";541;506;432;2424;1.53087883983838
"AB";"ID314";400.33774284;11.0288135042;25.054059274;11.8745112902;0.3632035224;3.542121361;0.3578112806;2728.5156228;1.8737561148;0.0111167316;"Non-upwelling";NA;"FEB";2023;"Late wet";"-17.962903";"-38.707387";586;547;462;3004;1.49281874671843
"AB";"ID315";328.88282312;6.4162012794;25.163313198;9.7502398332;0.9950719468;3.8419721912;0.4164493648;3217.2259966;5.1096869726;0.0075053096;"Non-upwelling";NA;"FEB";2023;"Late wet";"-17.962903";"-38.707387";635;609;532;3943;1.53994638697939
"AB";"ID316";305.34973156;9.5606363766;17.873038214;30.454475588;0.1746694234;0.4372229952;0.3370471072;2464.2495562;0.9384146706;0.0017044122;"Non-upwelling";NA;"FEB";2023;"Late wet";"-17.962903";"-38.707387";516;486;414;1730;1.25920662005535
"AB";"ID317";637.44789332;188.346037764;15.387537526;NA;1.6859516992;7.2534331272;0.5157060938;2220.6800858;1.1945480322;0.06493989;"Non-upwelling";NA;"FEB";2023;"Late wet";"-17.962903";"-38.707387";532;490;421;2333;1.54945811869829
"AB";"ID318";659.16722882;371.741766816;24.942586476;32.542644984;0.682252659;6.8673831744;0.385175565;2145.891228;1.0047486776;0.0363372176;"Non-upwelling";NA;"FEB";2023;"Late wet";"-17.962903";"-38.707387";492;460;409;1560;1.30987330099357
"AB";"ID319";403.92676078;1.063978509;22.81692602;70.8855123736;0.4582796824;3.1496369294;0.4706747552;2726.5761898;0.5558563322;0.0116822668;"Non-upwelling";NA;"FEB";2023;"Late wet";"-17.962903";"-38.707387";557;521;460;2555;1.47851358380449
"AB";"ID320";391.39518518;12.542286799;2.522775699;26.645401136;0.6009059112;3.7576123646;0.5173356846;2764.565104;1.1333653738;0.014948777;"Non-upwelling";NA;"FEB";2023;"Late wet";"-17.962903";"-38.707387";425;400;341;1261;1.64266232444535
"AB";"ID321";250.76891478;20.0346800214;14.134331136;45.800136526;0.2651379492;1.2216201436;0.3961089748;2804.8454122;0.3491821764;0.0279499216;"Non-upwelling";NA;"FEB";2023;"Late wet";"-17.962903";"-38.707387";442;409;355;1167;1.35146265085311
"AK";"ID110";420.4118025;18.5763170704;0.6483360254;40.964487844;0.70715287;3.6389865116;0.2681354644;3041.2073704;3.2626540712;0.071507033;"Non-upwelling";NA;"JUL";2022;"Late dry";NA;NA;630;NA;NA;2965.475355;1.18596718017013
"AK";"ID111";325.6514836;2.5036664838;35.197693666;10.5777747516;0.2275576998;3.353789732;0.3487061002;3489.0260214;1.49232918;0.3098445234;"Non-upwelling";14;"NOV";2022;"Early wet";"-18.60786333";"-38.9666845";745;700;620;6000;1.45105018245445
"AK";"ID112";309.0948115;5.4565270486;7.350155632;12.9784517792;0.0686350088;0.9871778008;0.1419771882;2795.0211468;1.4960766714;0.0024148102;"Non-upwelling";14;"NOV";2022;"Early wet";"-18.60786333";"-38.9666845";790;760;660;7000;1.41976598200142
"AK";"ID142";403.63312118;4.6257512784;0.3014424774;0.614254713;0.5157205538;5.2869716212;0.305182001;2467.5582974;0.8557209256;0.0538654856;"Non-upwelling";26;"NOV";2022;"Early wet";"-18.95123167";"-39.03419717";430;410;330;950;1.19486334536582
"AK";"ID143";321.08412446;41.982945336;9.407282817;17.26861936;0.4526787168;7.2707898494;0.560850572;2914.7913548;0.9532363998;0.0324515496;"Non-upwelling";26;"NOV";2022;"Early wet";"-18.95123167";"-39.03419717";440;410;380;1150;1.35001878287002
"AK";"ID144";287.16963854;21.6631711476;17.741011682;31.615432258;0.209176121;1.0185978704;0.1060800302;2426.9847894;0.9720313698;0.0036869266;"Non-upwelling";26;"NOV";2022;"Early wet";"-18.95123167";"-39.03419717";490;460;390;1500;1.27497896284711
"AK";"ID158";358.967545;10.6337519972;23.657809768;31.856442936;0.289025949;1.9373711996;0.1904938606;2549.718962;1.2124040176;0.0260412038;"Non-upwelling";26;"NOV";2022;"Early wet";"-18.95123167";"-39.03419717";490;460;390;1500;1.27497896284711
"CA";"ID092";314.07853642;16.9268003542;3.0863069676;25.267653238;0.3782223856;2.1599357736;0.26898884;2456.7689876;0.824151115;0.0097337626;"Saline";NA;"AUG";2022;"Late dry";"-17.766723";"-39.288295";221;210;17;150.95;1.39848011754089
"CA";"ID093";270.7095407;6.835865458;4.338462029;47.615614456;0.3555995044;0.5215344554;0.2255427008;2446.421312;0.691824844;0.0041870656;"Saline";NA;"AUG";2022;"Late dry";"-17.766723";"-39.288295";218;207;175;157.27;1.51801619886504
"CA";"ID094";294.3279912;1.6804702756;16.612100872;35.248374432;0.2822863988;1.5604334656;0.1726135244;2440.696313;0.5809400982;0.001904592;"Saline";NA;"AUG";2022;"Late dry";"-17.766723";"-39.288295";219;213;175;167.65;1.59614085226591
"CA";"ID095";303.73033044;16.743130082;0;50.7093676588;0.2846841058;0.6902515356;0.1894999494;2439.1202046;0.6203673362;0.0032667092;"Saline";NA;"AUG";2022;"Late dry";"-17.766723";"-39.288295";189;183;155;119.43;1.76900076119023
"CA";"ID096";422.03308826;166.852504552;5.1292907222;56.199851626;0.6268466246;6.8693657002;0.7121170756;2436.4301126;5.7777499756;0.0158331226;"Saline";NA;"AUG";2022;"Late dry";"-17.766723";"-39.288295";212;201;170;147.18;1.54468957595868
"CA";"ID097";304.30329934;21.179318152;15.207991706;31.00709131;0.6491059546;2.548139282;0.50314439;2498.8841324;0.6177323054;0.0078082018;"Saline";NA;"AUG";2022;"Late dry";"-17.766723";"-39.288295";197;187;155;115.95;1.51660357185974
"CA";"ID098";644.1276598;47.199956816;11.3215721484;51.38166192;1.0887395626;4.2593860888;0.6509600878;2312.9759492;1.3692183078;0.1267103744;"Saline";NA;"AUG";2022;"Late dry";"-17.766723";"-39.288295";195;192;160;124.59;1.68027107672078
"CA";"ID099";315.38334002;26.8444733628;2.0895888216;31.842884218;0.1877572106;0.3868729746;0.1373413724;3311.8130586;3.0341841854;0.0100569622;"Saline";NA;"AUG";2022;"Late dry";"-17.766723";"-39.288295";193;188;160;119.61;1.66377871256272
"CA";"ID100";359.4394378;6.534393923;4.4207009224;31.246420078;0.4574601848;1.9857426568;0.3598307476;2478.5794036;0.7998293508;0.0161520726;"Saline";NA;"AUG";2022;"Late dry";"-17.766723";"-39.288295";185;177;156;95.47;1.50782776933252
"CA";"ID101";302.75192582;4.0460335536;20.515238132;8.900237718;0.1598575;0.709630327;0.2630003868;2582.3420052;1.3113459462;0.0094729768;"Saline";NA;"AUG";2022;"Late dry";"-17.766723";"-39.288295";195;187;153;121.16;1.63401271093579
"CA";"ID102";801.33669398;28.650166974;6.02394995;656.93014458;5.0581662786;7.045032788;0.21877617;2355.8630624;0.7116338682;0.2297515334;"Saline";NA;"AUG";2022;"Late dry";"-17.766723";"-39.288295";194;185;155;117.71;1.61216010553616
"CA";"ID103";319.52523402;247.264181722;13.52066254;41.772196152;0.2775664222;4.0412190552;0.488214398;2853.0115532;1.3974011662;0.0316950638;"Saline";NA;"AUG";2022;"Late dry";"-17.766723";"-39.288295";193;186;155;118.7;1.65112058507813
"CA";"ID104";315.2199933;7.7516575604;14.66147432;64.77391911;0.3494805806;1.9543815708;0.3432089672;2205.926123;8.253862704;0.0130972564;"Saline";NA;"AUG";2022;"Late dry";"-17.766723";"-39.288295";189;183;155;107.11;1.58651654970347
"CA";"ID105";305.66774356;2.567483816;2.9963054686;45.515621742;0.1080908194;0.3178266068;0.1656441894;2327.9260718;0.6021671254;0.0216918166;"Saline";NA;"AUG";2022;"Late dry";"-17.766723";"-39.288295";193;185;155;11.18;0.155514137667847
"CA";"ID106";281.58229562;7.4638494404;10.7409668524;37.499234286;0.2191343036;1.0417010622;0.1297167906;2292.313725;0.6132242742;0.0085017088;"Saline";NA;"AUG";2022;"Late dry";"-17.766723";"-39.288295";180;173;145;99.89;1.7127914951989
"CA";"ID352";392.64053294;2.8979982698;13.700177267;40.487710204;0.5288601502;1.0238450772;0.4654973428;2237.858536;1.115757768;0.011900973;"Saline";NA;"FEB";2023;"Late wet";"-17.766723";"-39.288295";232;225;184;167.11;1.33825379781869
"CA";"ID353";318.07788384;0.9319028612;3.4035732702;29.827739982;0.303835536;1.5342857384;0.2817739962;2514.5585028;0.7408721204;0.0095633556;"Saline";NA;"FEB";2023;"Late wet";"-17.766723";"-39.288295";215;210;170;130.57;1.31379626951086
"CA";"ID354";389.0215471;9.6207927344;13.6286258814;17.990447266;0.2777491996;2.3412470554;0.1873102932;2066.4295406;0.3436995878;0.0082621366;"Saline";NA;"FEB";2023;"Late wet";"-17.766723";"-39.288295";205;200;170;130.8;1.51826003685379
"CA";"ID355";386.86275708;11.9675365856;9.7507777942;26.469116838;1.2002658848;6.8209901954;0.7284567016;2494.917752;1.4271988288;0.0223636064;"Saline";NA;"FEB";2023;"Late wet";"-17.766723";"-39.288295";215;198;170;142.73;1.43615027607632
"CA";"ID356";461.1535425;42.7539507972;11.6897720696;39.351900136;0.9611995484;7.4287974852;0.8417718868;2044.8362112;0.4845175672;0.0165256396;"Saline";NA;"FEB";2023;"Late wet";"-17.766723";"-39.288295";198;193;155;104.23;1.34275620195424
"CA";"ID357";355.60289852;37.2450411778;9.2747851684;46.61754015;0.398162964;2.1768554998;0.3533769742;2922.5469288;12.2760290678;0.008352716;"Saline";NA;"FEB";2023;"Late wet";"-17.766723";"-39.288295";212.2889758;NA;170;121.98;1.27498860605009
"CA";"ID358";287.8927827;4.462235948;13.867099884;59.064561236;0.2372487256;1.280837378;0.2986122336;2285.6364286;2.035118986;0.0097180684;"Saline";NA;"FEB";2023;"Late wet";"-17.766723";"-39.288295";215;200;173;128.49;1.29286729470361
"CA";"ID359";604.18686646;217.0213050738;16.311003456;48.816450602;0.413565599;1.6196294418;0.4178362272;2204.9778432;1.0125194726;0.0054800804;"Saline";NA;"FEB";2023;"Late wet";"-17.766723";"-39.288295";230;NA;180;165.47;1.35999013725651
"FR";"ID241";655.04947892;101.743858058;3.2394570008;6.5156046088;0.7561913984;11.9191800918;0.6208845802;2348.118855;8.3504823846;0.068343163;"Non-upwelling";20;"JAN";2023;"Late wet";"-18.8986";"-39.5531";385;350;310;786;1.37733745424756
"FR";"ID262";428.41331574;7.6697359878;18.217672188;26.713961514;0.3480304104;4.854422801;0.5982740726;2527.1048578;2.3211559472;0.0188817544;"Non-upwelling";11;"FEB";2023;"Late wet";"-18.7826";"-39.52063";660;640;560;4925;1.71306731224087
"FR";"ID263";352.96658506;8.1989483558;4.8467765304;35.690334726;0.2495992498;0.7893029926;0.1590885962;2389.7072818;0.8344430946;0.001202772;"Non-upwelling";11;"FEB";2023;"Late wet";"-18.7826";"-39.52063";610;590;520;4402;1.93936937452915
"FR";"ID264";344.20310732;101.292888436;25.516236464;27.5773147222;0.7860541282;4.2818732798;0.190431592;2350.1300784;1.8403410666;0.0298742824;"Non-upwelling";11;"FEB";2023;"Late wet";"-18.7826";"-39.52063";570;540;450;2878;1.55405441890352
"FR";"ID266";299.82748962;6.308344815;31.772112728;14.386906662;0.3952877594;2.4940232;0.2142384756;2777.9620264;26.614728164;0.0045607642;"Non-upwelling";11;"FEB";2023;"Late wet";"-18.7826";"-39.52063";534;495;432;2212;1.45265121455564
"FR";"ID267";488.05367554;32.2316900264;22.99792037;23.854747828;0.3648802698;3.7895221028;0.3723138272;2167.8701242;0.4938514896;0.018666748;"Non-upwelling";11;"FEB";2023;"Late wet";"-18.7826";"-39.52063";510;482;421;2210.82;1.66664405093064
"FR";"ID268";291.2955879;14.9436128866;1.5768136622;16.426721032;0.1597363272;1.5202009802;0.1814109848;2567.0452992;3.5066674168;0.0033238664;"Non-upwelling";11;"FEB";2023;"Late wet";"-18.7826";"-39.52063";369;345;301;673.74;1.34095200427184
"GR";"ID069";507.50732792;9.916255403;11.510222255;42.094271618;0.5027768746;1.0451705448;0.2221999162;2434.9401598;0.9409468828;0.007636385;"Marine";2;"JUN";2022;"Early dry";"-20.010564";"-40.152946";32.71121122;NA;22;0.14;0.399979892804603
"GR";"ID186";377.74372158;0.6414565242;9.8860175132;50.940304314;0.1935700256;0.5663384014;0.1711828758;2423.0933674;0.7215169784;0.0124320262;"Marine";27;"OCT";2022;"Early wet";"-20.010564";"-40.152946";131;126;113;36.21;1.61069992273444
"GR";"ID188";332.88339886;7.4172666564;19.119063792;30.030779098;0.1351734372;0.7334760514;0.3526394724;2478.1309018;0.5392885612;0.0123038878;"Marine";27;"OCT";2022;"Early wet";"-20.010564";"-40.152946";134;130;105;42.66;1.7729906936691
"GR";"ID192";360.79894342;10.7666465864;26.172425848;21.9303640594;0.2157577532;0.1745248284;0.2111299266;2316.3090886;0.6812005594;0.0214082914;"Marine";28;"OCT";2022;"Early wet";"-20.010564";"-40.152946";115;116;91;25.82;1.69770691213939
"GR";"ID193";359.13865168;3.468037069;11.7936595128;36.77709562;0.0714719966;1.19598941;0.1942380274;2484.3810534;0.5312788094;0.051551915;"Marine";28;"OCT";2022;"Early wet";"-20.010564";"-40.152946";123;120;99;35.14;1.88836708910416
"GR";"ID194";397.31299044;14.7750723798;22.09643519;51.322785282;0.3620834862;3.4493568602;0.4037480286;2615.7023398;2.8129372748;0.0423101148;"Marine";28;"OCT";2022;"Early wet";"-20.010564";"-40.152946";128;125;103;38.29;1.82580947875977
"GR";"ID224";386.95476504;8.640174527;12.763033526;60.485017822;0.6317894222;4.5430271224;0.5182386558;2279.0466666;0.9756153654;0.0083645368;"Marine";NA;"NOV";2022;"Early wet";"-20.010564";"-40.152946";105;102;83;17.38;1.50134974624771
"GR";"ID226";450.90251038;6.9896906178;18.838013006;16.0091914728;0.6147520886;2.976979872;0.3540934964;1982.863436;0.7609484984;0.0147357434;"Marine";NA;"NOV";2022;"Early wet";"-20.010564";"-40.152946";109;106;87;22.77;1.75826178409904
"GR";"ID405";278.00675224;2.3680685854;2.519926741;11.1089531764;0.131750404;0.3531824554;0.2208458162;2312.2087516;1.797073021;0.005805933;"Marine";24;"FEB";2023;"Late wet";"-20.010564";"-40.152946";67;NA;55;7.293;2.42483284180567
"GR";"ID408";371.9384763;19.224982378;17.76026468;40.72355191;0.306663641;1.4098225734;0.4678020782;2220.6102934;7.6271909034;0.006779103;"Marine";24;"FEB";2023;"Late wet";"-20.010564";"-40.152946";34;NA;24;0.702;1.78607775290047
"GR";"ID409";379.2024657;4.4242724536;9.70162938;40.454405064;0.1694973662;0.3282179294;0.1025068458;2235.5056656;0.7918602554;0.000647126;"Marine";24;"FEB";2023;"Late wet";"-20.010564";"-40.152946";39;NA;30;1.209;2.03813280736358
"GR";"ID410";274.91196498;2.4669502072;17.538174492;17.1129942496;0.1111207596;0.3498639268;0.0721269334;2673.0623562;1.2537436996;0.0049038658;"Marine";24;"FEB";2023;"Late wet";"-20.010564";"-40.152946";32;NA;24;0.689;2.1026611328125
"GR";"ID413";440.13506154;4.2026636494;20.515631642;23.3152947724;0.17574176;0.5239185492;0.1616227486;2189.102186;0.8302500694;NA;"Marine";24;"FEB";2023;"Late wet";"-20.010564";"-40.152946";38;NA;29;1.105;2.01377751858872
"GR";"ID416";390.64011914;3.375389283;9.4812016254;33.97569173;0.1942097948;0.5550564012;0.1524694508;2263.910576;0.581464894;0.0016533236;"Marine";24;"FEB";2023;"Late wet";"-20.010564";"-40.152946";40;NA;30;1.222;1.909375
"GR";"ID425";523.3443385;4.0168655368;19.08034505;47.91145955;0.2449024994;0.911229143;0.3067254628;2363.8885746;0.9284405062;0.0089283776;"Marine";24;"FEB";2023;"Late wet";"-20.010564";"-40.152946";19;NA;15;0.169;2.46391602274384
"GU";"ID391";493.82842668;452.92774573;22.70002805;8.488511336;1.4001988446;8.3790822418;0.6635828402;2460.6445774;2.8172252916;0.0632778032;"Upwelling";20;"APR";2023;"Early dry";"-20.676425";"-40.366452";410;NA;NA;1255;1.82092540735044
"GU";"ID392";343.89650876;3.0403742454;15.840497822;22.238377598;0.2441550206;1.0923098582;0.1777997484;2405.392556;1.9446514052;0.0029697844;"Upwelling";20;"APR";2023;"Early dry";"-20.676425";"-40.366452";380;NA;NA;905;1.64929289983963
"GU";"ID393";445.03323518;11.4739463216;13.91338512;7.8605713444;0.3481667744;1.5563710952;0.1973016664;2052.3376088;0.5131088524;0.0177052438;"Upwelling";20;"APR";2023;"Early dry";"-20.676425";"-40.366452";390;NA;NA;918;1.54756486117433
"GU";"ID394";350.4962425;5.9517764706;28.618619704;6.0625307082;0.1167058108;0.2340914222;0.1173472622;2817.143929;1.5534562972;0.0029509166;"Upwelling";20;"APR";2023;"Early dry";"-20.676425";"-40.366452";380;NA;NA;891;1.62377897652719
"GU";"ID395";599.22533088;12.3843289024;32.63911949;18.7991763806;0.4475532192;3.6199915304;0.650103099;2921.7979632;16.5436046864;0.0201564592;"Upwelling";20;"APR";2023;"Early dry";"-20.676425";"-40.366452";420;NA;NA;1013;1.3672929489256
"GU";"ID396";452.36587774;12.7599644256;4.0408979966;30.672610794;0.4011194;2.4273200924;0.192756765;2041.5709106;0.522521758;0.020790017;"Upwelling";20;"APR";2023;"Early dry";"-20.676425";"-40.366452";410;NA;NA;1155;1.67583174939423
"GU";"ID403";347.8312934;10.4858306038;16.899892166;12.1523781934;0.5034544542;2.3091136726;0.5322882204;2301.5815256;0.5922663616;0.0105057018;"Upwelling";15;"FEB";2023;"Late wet";"-20.010564";"-40.152946";515;494;426;2200;1.61064932046156
"IT";"ID399";279.39672838;5.6527782928;21.67374221;41.528562086;0.2455420664;0.7371462864;0.2964067738;2030.9484612;30.528692002;0.0086843918;"Brackish";28;"APR";2023;"Early dry";"-20.991667";"-40.821944";158;154;125;19.93;0.505284571808721
"IT";"ID444";299.4941419;3.1503855524;22.82111261;10.1001013884;0.1296150402;0.5402321432;0.2662889912;2530.8870446;8.2268521304;0.0030916204;"Brackish";9;"MAY";2023;"Early dry";"-20.991667";"-40.821944";223;218;182;163.9;1.47796573121385
"IT";"ID445";323.0797;1.7408998366;19.034070844;NA;0.1267455844;0.3416066728;0.2911127728;2371.375041;10.1193405716;0.0087190714;"Brackish";9;"MAY";2023;"Early dry";"-20.991667";"-40.821944";214;210;170;175.69;1.79269217488692
"IT";"ID446";336.8152116;11.4896763166;1.3327640438;44.366475762;0.2001844972;1.277627955;0.4519483418;2725.5310068;3.1994917918;0.0028296626;"Brackish";9;"MAY";2023;"Early dry";"-20.991667";"-40.821944";210;203;165;168.86;1.82334521110031
"IT";"ID447";362.07260204;12.1602855758;18.984264948;49.38447537;0.9686997572;2.5866021312;0.3833209142;2452.6227644;1.1899884432;0.0099115648;"Brackish";9;"MAY";2023;"Early dry";"-20.991667";"-40.821944";210;203;164;177.82;1.92009502213584
"IT";"ID449";320.18130008;7.2217470624;15.110601142;38.788178222;0.1313320178;1.2681926226;0.4635833346;2284.7927614;9.2327272108;0.0189088908;"Brackish";9;"MAY";2023;"Early dry";"-20.991667";"-40.821944";175;171;140;98.02;1.82894460641399
"IT";"ID454";374.0323537;8.1777972384;16.695454876;17.2385095238;0.565453962;2.8598411082;0.5488873944;1849.7972184;3.747884236;0.0161737066;"Brackish";9;"MAY";2023;"Early dry";"-20.991667";"-40.821944";168;165;135;86.9;1.83270232696253
"IT";"ID460";314.55407538;7.387338814;19.213580578;22.7583968724;0.6187183348;1.7317866948;0.5544089282;2467.0624044;27.1198618172;0.013534579;"Brackish";9;"MAY";2023;"Early dry";"-20.991667";"-40.821944";185;183;147;118.4;1.8699780861943
"IT";"ID461";398.1732689;14.0216497774;17.15960488;56.765918842;0.7507989254;1.2008631928;0.7731424636;2204.089573;0.3771499336;0.0274689306;"Brackish";9;"MAY";2023;"Early dry";"-20.991667";"-40.821944";190;187;150;123.01;1.79341011809302
"IT";"ID462";325.62684262;4.4747460026;6.850486884;47.351958866;0.2897124796;1.3273515176;0.3638673042;2915.6736892;12.8314205004;0.031518078;"Brackish";9;"MAY";2023;"Early dry";"-20.991667";"-40.821944";180;175;140;102.9;1.76440329218107
"IT";"ID463";286.84399786;1.8525859904;7.4305873284;31.533079154;0.0949108602;0.5314330362;0.148531287;2204.2660582;13.850023484;0.0025410332;"Brackish";9;"MAY";2023;"Early dry";"-20.991667";"-40.821944";183;178;144;124.9;2.03802341426195
"IT";"ID465";332.15911386;9.0814621954;4.755587168;56.84573947;0.2012504814;1.7503920726;0.4058745768;2585.7895546;0.8226657312;0.0082503132;"Brackish";9;"MAY";2023;"Early dry";"-20.991667";"-40.821944";169;167;133;88.9;1.8417965160834
"IT";"ID470";295.09939536;8.3265693894;13.852885368;32.829780638;0.2043494352;1.095065819;0.1967459756;1739.1479816;27.545428426;0.00446095;"Brackish";9;"MAY";2023;"Early dry";"-20.991667";"-40.821944";162;160;130;81.02;1.9056677975542
"IT";"ID472";305.10462104;88.7944744262;16.4911746;36.619154424;0.3955684808;4.9582337186;0.6167774414;2417.9572618;13.967182582;0.0563158736;"Brackish";9;"MAY";2023;"Early dry";"-20.991667";"-40.821944";141;138;110;51.87;1.85037141202923
"IT";"ID473";293.73795794;27.114874104;15.734639102;41.875237018;0.2036030754;0.9104647834;0.2840514876;3007.4939346;33.064035112;0.0157094806;"Brackish";9;"MAY";2023;"Early dry";"-20.991667";"-40.821944";145;141;113;56.5;1.85329451802042
"MA";"ID427";862.29297318;6384.580908;42.982854954;31.390330654;1.9217889284;32.372703326;1.783376705;2457.7642962;4.6223473794;0.0672770594;"Upwelling";29;"APR";2023;"Early dry";"-21.048985";"-40.741985";520;500;430;2237.28;1.59114701866181
"MA";"ID428";474.99778686;150.991626174;28.725365502;17.9588769794;0.650026304;10.4238737888;0.4661992078;2468.304859;5.976759178;0.077769302;"Upwelling";29;"APR";2023;"Early dry";"-21.048985";"-40.741985";522;498;421;1999.62;1.40584021636955
"MA";"ID429";367.8081864;12.001609872;20.408586826;36.292959372;0.263419858;0.5528763584;0.2444210412;2208.348732;2.5740461366;0.0488117228;"Upwelling";29;"APR";2023;"Early dry";"-21.048985";"-40.741985";440;426;368;1318.2;1.54747370398197
"MA";"ID430";306.84253138;1.6072704104;19.353276784;165.1519335384;0.3644015964;3.5920103996;0.1012847104;2590.2209916;17.070656256;0.0045918708;"Upwelling";29;"APR";2023;"Early dry";"-21.048985";"-40.741985";499;466;395;1563;1.25793250993294
"MA";"ID431";342.30829084;0.8446057954;19.246765992;16.9670072044;0.1871064596;0.4901704892;0.143380018;3115.9224822;11.7914745424;0.0071112924;"Upwelling";29;"APR";2023;"Early dry";"-21.048985";"-40.741985";540;509;441;2257.25;1.43350226083422
"MA";"ID432";544.54902398;219.488576404;23.484817526;0.6766224378;0.9737586614;7.1969958738;0.3459558182;2396.0902558;3.999598684;5.479225409;"Upwelling";29;"APR";2023;"Early dry";"-21.048985";"-40.741985";415;397;341;2873.03;4.01972063023469
"MA";"ID433";423.96971966;21.5400596386;27.400071798;13.0183025392;0.3321245158;4.9672587662;0.1932692386;2270.1488094;1.2557225466;0.0182511726;"Upwelling";29;"APR";2023;"Early dry";"-21.048985";"-40.741985";580;542;466;3226.02;1.65341957439829
"MA";"ID434";440.61666012;20.9350197616;20.461316274;36.6582777992;0.5833868472;3.223862716;0.3073037706;2494.807614;7.1863155782;0.0446046088;"Upwelling";29;"APR";2023;"Early dry";"-21.048985";"-40.741985";540;508;427;2035.48;1.29266371996139
"MA";"ID435";636.1947001;54.415445906;3.1578183628;23.071119612;1.0872545724;14.092136346;0.847078539;2391.5022232;4.1189080732;0.1060901674;"Upwelling";29;"APR";2023;"Early dry";"-21.048985";"-40.741985";486;446;381;1415.92;1.23347374124036
"MA";"ID436";544.14685362;76.344880836;21.636079168;12.587051494;0.7317995616;2.9404091944;0.5043147362;2598.5159142;2.7511485652;0.4474132022;"Upwelling";29;"APR";2023;"Early dry";"-21.048985";"-40.741985";544;512;439;2115.85;1.31428084013396
"MA";"ID437";654.30337854;87.144378566;24.617693414;27.594346682;0.2759789184;9.2146623296;0.3053836302;2694.5150452;7.768893733;0.0132583786;"Upwelling";29;"APR";2023;"Early dry";"-21.048985";"-40.741985";486;516;442;2271.01;1.9783823952584
"MA";"ID438";310.23234786;18.160119992;27.251127772;14.3594464986;0.3144192312;1.8961769074;0.1743873552;2912.1681906;2.0239048;0.009777505;"Upwelling";29;"APR";2023;"Early dry";"-21.048985";"-40.741985";544;463;385;1549.66;0.962586405804753
"MA";"ID439";367.01588768;3.3136331316;18.240751066;19.782565816;0.173953012;1.7772771104;0.0985440738;3053.0625;24.540937734;0.0021053208;"Upwelling";13;"MAY";2023;"Early dry";"-21.048985";"-40.741985";541;460;388;1822.3;1.15087479778774
"MA";"ID440";463.62503576;684.258162088;4.4344572994;29.412971882;1.0074576432;3.6698252982;0.2693149252;2275.1101554;0.9223684356;0.1231657154;"Upwelling";29;"APR";2023;"Early dry";"-21.048985";"-40.741985";479;519;439;2715.1;2.47046832230597
"MA";"ID441";308.32724138;1.9772819024;9.8308214156;19.0587182034;0.1546436216;0.3060704916;0.257705018;2323.4116806;24.017205736;0.0019538662;"Upwelling";29;"APR";2023;"Early dry";"-21.048985";"-40.741985";482;455;381;1694.73;1.51341976911483
"MA";"ID442";407.3556614;4.4280393768;8.0234942156;31.698790054;0.585010706;2.7322422426;0.3697491584;2532.4360234;24.580160256;0.0279949484;"Upwelling";29;"APR";2023;"Early dry";"-21.048985";"-40.741985";485;467;400;2063.44;1.80870037790096
"MA";"ID443";364.14938116;7.0718155624;17.295399188;28.797484054;0.327730557;2.5869301676;0.5228056346;2775.7024452;35.3226404298;0.0047785352;"Upwelling";29;"APR";2023;"Early dry";"-21.048985";"-40.741985";597;564;476;3197.69;1.50284214388986
"MA";"ID516";536.75388658;101.016487366;29.227850552;28.650076358;0.434344491;6.510898765;0.5077382568;2898.2528644;5.5410571196;0.145580041;"Upwelling";NA;"JAN";2023;"Late wet";"-21.079491";"-40.67274";690;NA;NA;8000;2.43524530530366
"PA";"ID337";398.28453488;17.8031970768;11.4036786012;34.338497618;0.2814160198;4.2548311422;0.4310518952;2011.2454874;0.5885792706;0.0136557842;"Saline";2;"MAR";2023;"Late wet";"-19.947024";"-40.175189";230;224;180;243.5992;2.00213035259308
"PA";"ID338";310.21378402;1.9288737768;15.918267992;64.309514284;0.4124137018;1.2312718826;0.2564904178;2158.9286406;0.681846617;0.0038626344;"Saline";2;"MAR";2023;"Late wet";"-19.947024";"-40.175189";235;228;188;254.3018;1.9595026150275
"PA";"ID339";282.40602902;7.8941554912;18.982927178;59.645285546;0.23290721;1.8719701172;0.1641608442;2773.8086798;1.2007012754;0.0069077722;"Saline";2;"MAR";2023;"Late wet";"-19.947024";"-40.175189";244;235;194;266.0074;1.83115134086113
"PA";"ID340";328.4578781;219.516622234;6.5266853516;27.072637462;0.2619126064;3.0500281162;0.353413103;2270.1188842;0.694755699;0.0064195804;"Saline";2;"MAR";2023;"Late wet";"-19.947024";"-40.175189";230;224;180;207.3614;1.70429358099778
"PA";"ID341";365.63921318;14.215639183;22.023525034;57.783857784;0.3357948188;2.7900501388;0.283631339;2213.657693;2.4645583472;0.01559507;"Saline";2;"MAR";2023;"Late wet";"-19.947024";"-40.175189";235;225;190;204.4114;1.57507604288067
"PA";"ID342";315.72888252;73.1443200212;18.064917128;42.58991415;0.3151444194;1.824089676;0.4139282806;2851.808457;2.2142211044;0.1197159438;"Saline";2;"MAR";2023;"Late wet";"-19.947024";"-40.175189";214;210;170;154.4384;1.57584672538025
"PA";"ID343";359.65172454;16.1560471518;4.2714316106;35.20264247;0.1918532198;0.8072156104;0.2018734034;2043.8685312;0.6233536618;0.0028578132;"Saline";2;"MAR";2023;"Late wet";"-19.947024";"-40.175189";200;195;157;119.8526;1.4981575
"PA";"ID344";697.39010516;6.3382260156;19.6129806506;53.50174295;0.1950275142;3.1655636996;0.1183653596;2179.3863728;0.9712760376;0.00238069;"Saline";2;"MAR";2023;"Late wet";"-19.947024";"-40.175189";215;198;160;140.8448;1.41718138025583
"PA";"ID345";417.05632102;16.6019296792;12.6433910528;37.664941234;0.2459786218;1.2803204946;0.758659123;2074.597499;0.660656161;0.010721642;"Saline";2;"MAR";2023;"Late wet";"-19.947024";"-40.175189";190;185;150;121.1978;1.76698935704913
"PA";"ID346";355.45564158;17.449100635;9.407218012;20.737131422;0.305760993;2.9705540962;0.346226911;2239.7973976;2.2559396698;0.0058588194;"Saline";2;"MAR";2023;"Late wet";"-19.947024";"-40.175189";200;190;154;118.1416;1.47677
"PA";"ID347";324.50614736;4.0291824878;15.25412572;39.728178922;0.3197008398;0.750257208;0.1657369526;2378.2129976;0.8253799786;0.0038218572;"Saline";2;"MAR";2023;"Late wet";"-19.947024";"-40.175189";205;200;162;134.4138;1.56020719374356
"PA";"ID348";298.91434424;24.8066303784;12.7424507314;36.363098992;0.3308355414;0.9318502236;0.2038186518;2455.0578166;1.3907748356;0.0074910738;"Saline";2;"MAR";2023;"Late wet";"-19.947024";"-40.175189";200;184;153;112.4776;1.40597
"PA";"ID349";424.53605284;5.3569255778;4.2244227712;31.757379924;0.2013954924;0.8349760132;0.176485172;2133.3746956;1.035032646;0.0014569738;"Saline";2;"MAR";2023;"Late wet";"-19.947024";"-40.175189";215;198;160;139.6884;1.40554567522357
"PA";"ID350";402.22166416;2.7555783268;17.219900878;59.353289408;0.2748746614;0.7031516842;0.1398907266;2370.3496942;0.6828040084;0.0039183548;"Saline";2;"MAR";2023;"Late wet";"-19.947024";"-40.175189";144;140;113;46.29;1.5502427340535
"PA";"ID351";277.53111834;1.6504958854;5.3233468534;40.810727662;0.3713043434;0.4442537396;0.254195924;2381.3598292;2.1970591518;0.0042942236;"Saline";2;"MAR";2023;"Late wet";"-19.947024";"-40.175189";133;130;105;38.05;1.6173340808633
"SM";"ID012";477.8569163;45.9005558268;15.152483536;10.7073648376;0.3831112206;0.9288247908;0.3826635956;2171.8517098;0.6021410446;0.0070622746;"Brackish";3;"JUL";2022;"Late dry";"-18.613898";"-39.737418";187;179;145;103.18;1.57786812857775
"SM";"ID013";347.65008394;5.7630750578;11.0325038326;15.0418749992;0.4635280028;1.6680358314;0.448120427;2708.1627686;28.580003194;0.0045013632;"Brackish";3;"JUL";2022;"Late dry";"-18.613898";"-39.737418";180;174;144;89.09;1.52760631001372
"SM";"ID014";292.77928026;5.195267398;4.9921034582;30.266981792;0.3525737148;0.581979217;0.4030861502;2411.6221596;1.2722201714;0.0080355228;"Brackish";3;"JUL";2022;"Late dry";"-18.613898";"-39.737418";147;142;107;42.38;1.33416317149286
"SM";"ID015";388.9375305;8.25019689;21.753492602;20.381569954;0.198585005;0.6059339712;0.2902183446;2331.2554868;3.6679165622;0.0029160964;"Brackish";2;"JUL";2022;"Late dry";"-18.613898";"-39.737418";260;248;212;270.16;1.53709604005462
"SM";"ID016";392.93755324;686.3381969852;4.5648588886;18.9974427854;0.219693542;0.732506539;0.3556384996;2342.6054928;1.2821416684;0.0317249684;"Brackish";3;"JUL";2022;"Late dry";"-18.613898";"-39.737418";165;160;135;71.29;1.58699947129699
"SM";"ID018";444.657584;11.2653268624;14.1933417104;18.349577829;0.2761040264;1.8938321554;0.3408138506;2667.5262306;1.5069696606;0.0056759236;"Brackish";3;"JUL";2022;"Late dry";"-18.613898";"-39.737418";178;172;138;80.86;1.43375098763208
"SM";"ID019";570.0459401;74.780021056;22.501278414;18.746734781;0.4624292928;4.553048493;0.834413428;2280.7375094;0.656641666;0.0287563928;"Brackish";3;"JUL";2022;"Late dry";"-18.613898";"-39.737418";167;162;133;75.03;1.61096287828803
"SM";"ID022";428.83354512;6.4591542188;13.18839692;37.738480782;0.0977878066;0.9590179032;0.4143308016;2498.495727;1.3925790014;0.009525133;"Brackish";3;"JUL";2022;"Late dry";"-18.613898";"-39.737418";167;162;130;75.68;1.62491897412819
"SM";"ID023";384.52693362;30.9141112338;24.322825008;18.0756057506;0.3159511968;1.6490465312;0.3754841656;2521.7519502;1.7462488178;0.0128432172;"Brackish";3;"JUL";2022;"Late dry";"-18.613898";"-39.737418";176;169;137;77.56;1.42265566303531
"SM";"ID032";344.88139952;11.5156468262;23.48169758;16.466833918;0.1889710214;1.7794741454;0.2451685268;2286.4459304;1.5446847474;0.016816271;"Brackish";3;"JUL";2022;"Late dry";"-18.613898";"-39.737418";116;112;90;26.24;1.6810857353725
"SM";"ID044";501.7727224;185.460034548;30.889806252;18.2012382668;1.0039647716;6.405992599;0.2948608322;2439.7768034;2.1885851568;0.0813053606;"Brackish";2;"SEP";2022;"Late dry";"-18.613898";"-39.737418";190;181;145;101.78;1.48388977985129
"SM";"ID047";428.67035076;10.3586210212;4.2614319398;42.74328728;0.546975481;1.71604584;0.350256576;2509.9546942;1.6962265378;0.131148944;"Brackish";10;"SEP";2022;"Late dry";"-18.613898";"-39.737418";173;166;135;84.67;1.63527670593043
"SM";"ID048";429.67807196;6.5371869352;20.731238872;27.431371328;0.2437011082;2.3502069514;0.3771412876;2368.0157986;1.2537568026;0.0178288622;"Brackish";10;"SEP";2022;"Late dry";"-18.613898";"-39.737418";154;153;123;63.25;1.73180252029974
"SM";"ID050";413.78231538;42.13535805;9.9848089198;19.312381352;1.4488858254;6.6042480668;0.8896648994;2562.6582878;1.4746372466;0.0293597858;"Brackish";10;"SEP";2022;"Late dry";"-18.613898";"-39.737418";126;122;100;32.33;1.61619615512284
"SM";"ID051";450.18362236;3.909268236;22.925002586;28.655028346;0.2618216156;1.2913718494;0.2852121638;2399.9369514;4.0084059084;0.017138435;"Brackish";10;"SEP";2022;"Late dry";"-18.613898";"-39.737418";92;90;72;13.05;1.67589586586669
"SM";"ID052";402.9828331;14.0781859526;20.27110045;16.943258792;0.6116391662;1.917531547;0.1627601688;2994.8625246;6.6572050102;0.0038939164;"Brackish";10;"SEP";2022;"Late dry";"-18.613898";"-39.737418";91;88;74;12.43;1.64947961107845
"SM";"ID053";374.27630686;7.2637247394;16.2326135834;25.51077183;0.4224344492;1.3457050472;0.2568704764;2445.7192342;0.679771808;0.0192862872;"Brackish";10;"SEP";2022;"Late dry";"-18.613898";"-39.737418";72;71;58;5.81;1.55660579561043
"SM";"ID070";329.8647803;9.1509406778;27.328367662;25.042269452;0.0841561328;0.4810004572;0.5857452556;2699.0269686;3.0308410236;0.0158239664;"Brackish";17;"OCT";2022;"Early wet";"-18.613898";"-39.737418";180;175;145;80.87;1.3866598079561
"SM";"ID072";367.70560978;8.3360602556;12.4059131;41.756751122;2.0243835124;1.7964077708;0.3616998288;2513.8635622;1.38436209;0.0075746412;"Brackish";13;"AUG";2022;"Late dry";"-18.613898";"-39.737418";190;185;150;119.96;1.74894299460563
"SM";"ID073";400.3367556;1.04433798;24.349454779;22.126274258;0.3150276124;0.6299255284;0.337432268;2148.2577538;3.1767796692;0.0054444566;"Brackish";13;"AUG";2022;"Late dry";"-18.613898";"-39.737418";182;177;145;100.45;1.66623317510891
"SM";"ID074";365.31875774;4.6665362702;14.617646764;15.431372333;0.3132063516;0.5035486662;0.2837964522;2203.5678432;1.2530325842;0.0028688606;"Brackish";13;"AUG";2022;"Late dry";"-18.613898";"-39.737418";178;173;140;98.82;1.75220470687364
"SM";"ID075";436.46167592;15.1334850682;18.525384032;10.7129185198;0.4069985712;3.8336222186;0.6169808202;2445.507454;0.4645167246;0.0782282596;"Brackish";13;"AUG";2022;"Late dry";"-18.613898";"-39.737418";182;177;145;108.24;1.79545125807655
"SM";"ID076";451.95997922;67.344463364;15.403969632;39.0632986696;0.5795568264;2.6936161634;0.5095302422;2177.2618976;1.5117379166;0.0051396896;"Brackish";13;"AUG";2022;"Late dry";"-18.613898";"-39.737418";147;144;118;59.15;1.8620989049977
"SM";"ID077";383.8416336;5.270165807;15.880351188;23.382381648;1.058933403;3.2193099324;0.4725894562;2119.9314116;0.9809487474;0.0089372552;"Brackish";13;"AUG";2022;"Late dry";"-18.613898";"-39.737418";150;145;117;58.66;1.73807407407407
"SM";"ID078";355.04165522;6.579667985;25.07879345;17.4984872838;0.3971913016;1.8890056612;0.4856877126;2799.6458504;3.6385803894;0.0072962074;"Brackish";13;"AUG";2022;"Late dry";"-18.613898";"-39.737418";134;132;107;42.22;1.75470386982441
"SM";"ID079";370.6523431;6.007254894;41.014830554;2.2259077314;0.6785545038;1.7077006638;0.3599050646;2800.180779;3.0041085398;0.0057982994;"Brackish";13;"AUG";2022;"Late dry";"-18.613898";"-39.737418";137;135;110;47.25;1.83755400367044
"SM";"ID080";428.26569288;9.5690242986;17.616052582;14.2627880796;0.3749846378;2.1030907786;0.327250686;2486.5764444;1.4931245016;0.0085957542;"Brackish";13;"AUG";2022;"Late dry";"-18.613898";"-39.737418";140;136;113;44.55;1.62354227405248
"SM";"ID081";387.28477462;29.373914488;12.3619784912;16.2051762422;0.371543403;2.549176287;0.3275755974;2449.5029784;2.5090982682;0.0105941038;"Brackish";13;"AUG";2022;"Late dry";"-18.613898";"-39.737418";143;140;114;45.89;1.56931434744531
"SM";"ID082";310.48038794;21.43483098;7.5747944526;37.717824596;0.5358707056;2.5077478608;0.3632756362;2798.2910218;11.4915530788;0.0322026288;"Brackish";13;"AUG";2022;"Late dry";"-18.613898";"-39.737418";152;151;120;65.07;1.852891729844
"SM";"ID083";421.61572306;9.5776562976;16.081404794;42.307070388;0.4351123406;3.2980183654;0.2732631458;1723.264229;1.0024287458;0.0105314678;"Brackish";13;"AUG";2022;"Late dry";"-18.613898";"-39.737418";132;129;105;41.52;1.80524250772185
"SM";"ID121";403.06199104;8.3766254656;29.105728246;26.614271648;0.1805828726;0.8505526218;0.4072598356;2507.7290236;1.3162837198;0.003655368;"Brackish";29;"AUG";2022;"Late dry";"-18.613898";"-39.737418";122;118;97;26.3;1.44835911375842
"SM";"ID159";455.73065638;17.6958615416;33.974515264;20.756367166;0.3121560566;2.1884063814;0.3050587812;3269.0712192;6.2110090716;0.0056882996;"Brackish";NA;"NOV";2022;"Early wet";"-18.613898";"-39.737418";221;211;175;158.08;1.46453618404017
"SM";"ID160";278.58011268;74.9346388546;14.280956004;39.015099498;0.545573913;1.4609688864;0.3369676192;2674.5500976;1.1425359228;0.0029444406;"Brackish";NA;"NOV";2022;"Early wet";"-18.613898";"-39.737418";194;188;164;113.54;1.55504764576141
"SM";"ID161";308.67783582;4.462510647;3.2504613568;31.08447069;0.3748277846;1.7776954312;0.1799700646;3349.3282792;49.799361456;0.0048522204;"Brackish";NA;"NOV";2022;"Early wet";"-18.613898";"-39.737418";202;194;173;128.24;1.55585600712801
"SM";"ID162";340.03441248;26.469518714;19.826007736;26.900052726;0.2395245824;2.444534563;0.2651172808;2845.7622074;14.39040928;0.0086987292;"Brackish";NA;"NOV";2022;"Early wet";"-18.613898";"-39.737418";182;179;147;102.44;1.69924267255507
"SM";"ID163";304.65957398;1.476492719;21.236264764;12.498854428;0.5197984692;0.4939626344;0.217438082;2517.8546174;2.5025446828;0.0009856682;"Brackish";7;"DEC";2022;"Early wet";"-18.613898";"-39.737418";222;214;180;173.01;1.58129276098597
"SM";"ID164";492.39873016;174.0655790724;42.494783422;26.3063471362;0.3964099468;3.175226733;0.6284609038;2313.0985594;1.4948880412;0.0248665118;"Brackish";7;"DEC";2022;"Early wet";"-18.613898";"-39.737418";166;158;131;72.52;1.58538057003744
"SM";"ID165";297.72558258;8.327085322;8.438818975;40.896870652;0.4625071586;1.4485264276;0.540017153;2141.0357672;1.2773267312;0.004440628;"Brackish";7;"DEC";2022;"Early wet";"-18.613898";"-39.737418";162;157;129;61.8;1.45359503689027
"SM";"ID170";409.56770374;10.5237564902;36.034518782;5.2890118118;0.3852285318;1.4459045686;0.3232162054;3045.7031996;81.440948704;0.0103076056;"Brackish";NA;"AUG";2022;"Late dry";"-18.613898";"-39.737418";190;184;150;101.8;1.48418136754629
"SM";"ID173";343.9232858;12.546174012;22.256103408;13.9631096014;0.4811979192;1.2675031948;0.2984628936;2707.2046652;10.0016637234;0.0095032882;"Brackish";NA;"AUG";2022;"Late dry";"-18.613898";"-39.737418";197;190;155;115.45;1.51006366857444
"SM";"ID174";414.49098058;1.8889444786;38.601996396;17.127954948;0.1701135014;0.3797763924;0.2331773148;2536.9300442;1.2805487902;0.0025982528;"Brackish";NA;"AUG";2022;"Late dry";"-18.613898";"-39.737418";185;179;143;91.11;1.43896708980712
"SM";"ID197";463.52220724;14.4574324308;4.5869596246;18.619835921;0.309989221;1.8736124904;0.2377447288;2226.6940342;0.6991534948;0.0033214774;"Brackish";16;"OCT";2022;"Early wet";"-18.613898";"-39.737418";196;196;157;127.96;1.6994407092283
"SM";"ID198";448.25208608;1.4180064198;23.642192136;21.99259242;0.1306629856;0.6603057838;0.2185878872;2103.5899994;0.9384557746;0.0002414576;"Brackish";15;"OCT";2022;"Early wet";"-18.613898";"-39.737418";133;130;105;40.13;1.70574551025084
"SM";"ID199";266.98429068;8.0104039602;15.375788036;41.670663984;0.3368524444;1.031481096;0.1923834728;2435.3534218;1.4230590068;0.004362642;"Brackish";15;"OCT";2022;"Early wet";"-18.613898";"-39.737418";139;134;110;43.52;1.6204830245839
"SM";"ID201";363.11133956;2.4738725418;16.12215022;10.219485724;0.2804520528;0.6106170518;0.326692057;2043.4490884;0.7880660308;0.0070800708;"Brackish";15;"OCT";2022;"Early wet";"-18.613898";"-39.737418";160;157;130;66.69;1.628173828125
"SM";"ID202";259.31835088;8.4816588574;12.6634614688;28.991899782;0.1100400456;1.100037061;0.3030397306;2454.0432008;1.6725147114;0.0028925582;"Brackish";15;"OCT";2022;"Early wet";"-18.613898";"-39.737418";149;144;119;52.31;1.581342396754
"SM";"ID204";376.05393392;86.62004319;16.247442148;47.909820458;0.8050932296;6.786311604;0.3913140618;2453.9904108;0.933142958;0.0234622034;"Brackish";15;"OCT";2022;"Early wet";"-18.613898";"-39.737418";203;196;160;142.02;1.69770174313875
"SM";"ID205";448.55299304;35.347736188;18.964422684;21.857126684;0.2917421284;4.2264950424;0.6793960522;2251.0835918;1.0944622326;0.0197349976;"Brackish";15;"OCT";2022;"Early wet";"-18.613898";"-39.737418";230;121;180;195.02;1.60286019561108
"SM";"ID209";324.56952538;1.0927907334;20.249302244;17.835312964;0.1216427308;0.336784579;0.1244368322;2277.1474698;1.5144756658;0.0011847608;"Brackish";NA;"SEP";2022;"Late dry";"-18.613898";"-39.737418";190;185;150;112.78;1.64426301210089
"SM";"ID211";415.1584431;98.310614822;27.145278274;22.028587106;0.788578745;3.165140842;0.620415375;2179.5462008;5.7171919;0.0108990632;"Brackish";NA;"SEP";2022;"Late dry";"-18.613898";"-39.737418";160;152;123;57.56;1.4052734375
"SM";"ID212";444.98383414;8.5845138108;20.524129572;24.882454174;0.2817818084;2.3238769706;0.6385815042;2168.1141408;1.1255297998;0.029591226;"Brackish";NA;"SEP";2022;"Late dry";"-18.613898";"-39.737418";165;156;125;62.42;1.38954281103041
"SM";"ID220";358.10886072;35.8592151174;20.007674048;24.912147622;0.2369652762;0.7109346808;0.2422170046;2448.4953108;0.7275937872;0.0015908802;"Brackish";13;"NOV";2022;"Early wet";"-18.613898";"-39.737418";189;179;144;122.73;1.81788046069561
"SM";"ID221";340.27673028;9.2469359882;10.935540746;10.3176234488;0.5490408196;1.420622462;0.247329017;2870.9183704;1.4961978418;0.149476195;"Brackish";13;"NOV";2022;"Early wet";"-18.613898";"-39.737418";173;166;137;81.92;1.58216449450598
"SM";"ID222";374.42528312;6.5495544668;13.0872908178;17.7913154508;0.2640861552;1.22933498;0.192286223;2739.8527062;14.6079570678;0.0028674764;"Brackish";13;"NOV";2022;"Early wet";"-18.613898";"-39.737418";104;101;83;17.56;1.56107760582613
"SM";"ID235";333.85950402;12.8402091182;15.627128744;28.47986761;0.3261529996;2.1586764858;0.452473708;2367.8377678;1.2742739152;0.0113155138;"Brackish";NA;"OCT";2022;"Early wet";"-18.613898";"-39.737418";186;180;150;113.11;1.75777049245546
"SM";"ID236";359.02945742;13.16208483;7.684191721;34.332432292;0.700398472;2.8642911514;0.3665036332;2327.0846576;13.2805382038;0.0090926546;"Brackish";NA;"OCT";2022;"Early wet";"-18.613898";"-39.737418";190;185;147;125.1;1.82388103222044
"SM";"ID247";434.20573732;2.8020039076;26.547218822;17.4616347512;0.5664795812;1.4615267932;0.6752250056;2343.5483638;17.0664386318;0.0030796666;"Brackish";NA;"JAN";2023;"Late wet";"-18.613898";"-39.737418";192;185;150;117.52;1.66038230613426
"SM";"ID248";394.7496797;9.7360268894;26.366855334;18.234154821;0.3392554948;1.0758453034;0.5689450768;2378.273421;3.1081328958;0.008188183;"Brackish";NA;"JAN";2023;"Late wet";"-18.613898";"-39.737418";170;163;130;71.74;1.46020761245675
"SM";"ID249";319.1714913;2.7189055084;14.4582388086;21.154273344;0.1549567606;0.8415559658;0.469078361;3249.2983558;32.386723112;0.0048138442;"Brackish";NA;"JAN";2023;"Late wet";"-18.613898";"-39.737418";193;185;152;123.13;1.71274201887675
"SM";"ID251";328.11922258;2.5702617614;22.253034692;17.173197814;0.4585145274;1.5119710138;0.5472482982;3151.3084456;21.104351826;0.0026524456;"Brackish";NA;"JAN";2023;"Late wet";"-18.613898";"-39.737418";172;165;135;74.81;1.47019287609896
"SM";"ID253";403.9577154;9.0270925274;15.1447372378;30.9459856322;0.9122020276;3.5125594718;0.6160461154;3260.9520704;50.623873508;0.0389324216;"Brackish";NA;"JAN";2023;"Late wet";"-18.613898";"-39.737418";167;160;130;67.94;1.4587340790469
"SM";"ID254";359.49256302;9.5072477584;35.895804072;14.106908615;0.0748140388;0.518011982;0.17046232;2377.912905;2.6560147994;0.0013135402;"Brackish";NA;"JAN";2023;"Late wet";"-18.613898";"-39.737418";172;165;135;71.07;1.39669305847284
"SM";"ID255";339.8124062;6.498145702;22.675518816;8.6859185378;0.4967347074;1.4325869952;0.6107217422;2588.8457318;40.476975438;0.0042817244;"Brackish";NA;"JAN";2023;"Late wet";"-18.613898";"-39.737418";162;155;130;60.07;1.41290378423945
"SM";"ID258";629.58216602;130.721473902;36.021903868;58.183331764;4.6715793536;11.2159246546;1.428731591;3065.1894876;10.5261487712;0.0560392134;"Brackish";NA;"JAN";2023;"Late wet";"-18.613898";"-39.737418";141;138;115;42.58;1.51896693125515
"SM";"ID259";288.3405764;15.8368689032;14.717691138;27.210796124;0.4240768314;1.1677970964;0.7524816782;2895.810343;26.729193174;0.0039074932;"Brackish";NA;"JAN";2023;"Late wet";"-18.613898";"-39.737418";129;125;103;30.43;1.41753183623711
"SM";"ID260";465.08782858;8.6035159512;20.660500888;20.13799658;1.6308775284;7.8091366396;0.74469461;2568.6585336;10.6368535106;0.0193107368;"Brackish";NA;"JAN";2023;"Late wet";"-18.613898";"-39.737418";114;111;100;20.57;1.38841640882755
"SM";"ID272";395.71685142;3.2348989906;16.185061342;19.18890829;0.1651530986;0.6554359962;0.3220588894;2650.3504544;21.469208284;0.007189129;"Brackish";NA;"FEB";2023;"Late wet";"-18.613898";"-39.737418";199;195;160;134.04;1.7008859351935
"SM";"ID273";376.5514344;3.7818259568;22.27191328;NA;0.0869147586;0.4141958956;0.5757732466;2283.4814678;1.3171199724;0.0027958258;"Brackish";NA;"FEB";2023;"Late wet";"-18.613898";"-39.737418";200;193;160;136.63;1.707875
"SM";"ID274";389.99023884;9.6977280926;27.05744166;14.7978217012;0.45888323;1.3694863508;0.4313499422;2396.7784978;1.4623087714;0.005843068;"Brackish";NA;"FEB";2023;"Late wet";"-18.613898";"-39.737418";205;199;165;134.37;1.55969878556608
"SM";"ID275";363.67820936;5.6490356472;22.522756418;24.57556244;0.1827259768;0.8844123574;0.4086373726;2321.5138894;4.6894457456;0.0079739892;"Brackish";NA;"FEB";2023;"Late wet";"-18.613898";"-39.737418";200;194;165;125.87;1.573375
"SM";"ID277";401.36139496;2.1821625768;21.944573318;NA;0.7637815048;3.6831066212;0.4219460254;2602.0618566;1.155958389;0.0076213904;"Brackish";NA;"FEB";2023;"Late wet";"-18.613898";"-39.737418";175;173;150;95.32;1.77856559766764
"SM";"ID278";400.3850572;18.2014282254;11.0610103852;27.051603074;0.403719195;4.012180315;0.7608672158;2276.7053028;9.4972987256;1.7860663974;"Brackish";NA;"FEB";2023;"Late wet";"-18.613898";"-39.737418";174;169;136;81.01;1.53776824099511
"SM";"ID279";343.36807246;1.3859588614;14.9663848844;1119.9581002;0.1431664922;1.0564190184;0.2804641166;3207.6348492;29.79740984;0.0034289116;"Brackish";NA;"FEB";2023;"Late wet";"-18.613898";"-39.737418";165;159;130;71.9;1.60057879066144
"SM";"ID280";468.88768688;21.330255996;20.591316782;19.0448735024;0.3727100946;6.0802314182;0.4830228424;2337.7968338;1.4478120636;0.020186144;"Brackish";NA;"FEB";2023;"Late wet";"-18.613898";"-39.737418";165;163;135;66.95;1.49038595319587
"SM";"ID281";516.35490166;63.4882169532;13.755215306;30.69835981;0.4254439632;4.2491982714;0.4431536898;2942.9894508;27.063690296;0.044256519;"Brackish";NA;"FEB";2023;"Late wet";"-18.613898";"-39.737418";160;157;128;71.34;1.74169921875
"SM";"ID282";329.0139442;3.0268908416;6.2106979938;36.2004294;0.0894906926;0.7656065864;0.4666697064;2066.6820772;4.189080762;0.006307169;"Brackish";NA;"FEB";2023;"Late wet";"-18.613898";"-39.737418";161;160;120;59.34;1.421902814596
"SM";"ID283";348.99282448;199.80438492;34.097234602;NA;1.4454032582;10.1630203906;0.7019555136;3063.0928068;31.658007448;0.0400485714;"Brackish";NA;"FEB";2023;"Late wet";"-18.613898";"-39.737418";155;150;120;62.84;1.68748951025477
"SM";"ID284";367.85585458;1.0896493328;22.243659176;12.3106151398;0.2761252922;0.9077984114;0.8888317946;2133.8225482;3.086903641;0.001531309;"Brackish";NA;"FEB";2023;"Late wet";"-18.613898";"-39.737418";157;153;130;71.77;1.85457324013868
"SM";"ID285";320.05011404;4.253235629;17.316585956;29.925808818;1.2654792986;4.0687005444;0.771891143;2776.9695304;7.035404476;0.0384205668;"Brackish";NA;"FEB";2023;"Late wet";"-18.613898";"-39.737418";150;145;117;55.37;1.64059259259259
"SM";"ID286";323.8966698;17.255746321;15.64595128;12.8004912744;0.4349476046;1.7311115738;0.3930549982;2635.3565994;1.4996665826;0.0063979336;"Brackish";NA;"FEB";2023;"Late wet";"-18.613898";"-39.737418";140;136;110;42.22;1.53862973760933
"SM";"ID287";381.26102166;8.3006255882;14.7877265768;23.284306764;0.0920764944;0.9183160638;0.3431468738;2279.3418878;2.0834597724;0.0104268254;"Brackish";NA;"FEB";2023;"Late wet";"-18.613898";"-39.737418";125;120;97;32.73;1.675776
"SM";"ID322";390.58737194;3.18596628;13.4395264352;41.737608694;0.2531812458;0.5411318558;0.8911572604;2409.960508;0.653981663;0.0008812014;"Brackish";NA;"MAR";2023;"Late wet";"-18.613898";"-39.737418";226;215;178;187.93;1.62806146246059
"SM";"ID323";399.48556382;17.9272166568;35.718143122;20.411144116;0.4031243652;0.6339551834;0.7518696982;2336.0508468;11.6396008114;0.0078645608;"Brackish";NA;"MAR";2023;"Late wet";"-18.613898";"-39.737418";197;194;160;151.43;1.98067510898422
"SM";"ID324";392.32667844;6.3598717168;21.922819048;20.487927768;0.4645981908;2.8204593166;0.8913192758;2596.1797292;16.4958524122;0.0030221574;"Brackish";NA;"MAR";2023;"Late wet";"-18.613898";"-39.737418";190;185;150;122.99;1.79311853039802
"SM";"ID326";298.6062078;2.55408664;4.3465614444;23.3589208378;0.1908103902;0.6885328778;0.5048867896;2817.299049;22.379249306;0.003637188;"Brackish";NA;"MAR";2023;"Late wet";"-18.613898";"-39.737418";200;195;157;137.53;1.719125
"SM";"ID327";372.79230222;6.4803896036;28.914585806;18.191762642;0.4233516378;1.1078409782;0.7576440918;2657.0944244;10.7058897316;0.0038663778;"Brackish";NA;"MAR";2023;"Late wet";"-18.613898";"-39.737418";190;186;147;112.58;1.6413471351509
"SM";"ID328";460.14743696;35.06148235;13.218429836;4.6198300562;0.4191600894;3.776386948;0.8727236354;2493.6510514;0.9612960364;0.0266994;"Brackish";NA;"MAR";2023;"Late wet";"-18.613898";"-39.737418";189;183;148;109.14;1.61658497091436
"SM";"ID331";423.31713978;8.3460135968;14.9366166742;28.172373878;0.2563147202;0.3898895698;0.8321486172;2352.809057;15.6376576746;0.0040535482;"Brackish";NA;"MAR";2023;"Late wet";"-18.613898";"-39.737418";177;172;140;101.88;1.83725372766122
"SM";"ID333";382.75632106;1.2128900314;20.361706636;2.5253475096;0.3412012832;0.8363443178;0.82408386;2678.7255976;2.218579747;0.002035257;"Brackish";NA;"MAR";2023;"Late wet";"-18.613898";"-39.737418";212;207;165;148.74;1.56106215197781
"SM";"ID335";319.96408658;3.8209282458;17.5606982598;17.8402647404;0.1745770218;0.5563397054;0.4463625846;2684.4780704;17.646428382;0.0022924546;"Brackish";NA;"MAR";2023;"Late wet";"-18.613898";"-39.737418";181;177;145;98.22;1.65639612252879
"SM";"ID336";374.35185008;35.104582104;13.0910894396;21.324458218;0.552864886;4.4132881278;0.950050374;2989.9424614;18.7757243046;0.0131984578;"Brackish";NA;"MAR";2023;"Late wet";"-18.613898";"-39.737418";160;157;127;66.79;1.630615234375
"SM";"ID374";419.1529152;8.929436504;14.2297583552;15.9998916398;0.3281460328;5.8295956502;0.5909155178;2252.905686;0.7153443778;0.0036451218;"Brackish";NA;"APR";2023;"Early dry";"-18.613898";"-39.737418";235;230;185;212.5;1.63740211706462
"SM";"ID376";362.42206474;7.0724368014;30.05328256;5.9639606648;0.159457197;0.9181079298;0.2474496794;2468.6068706;3.497831072;0.004269162;"Brackish";NA;"APR";2023;"Early dry";"-18.613898";"-39.737418";223;214;173;192.46;1.73550509230883
"SM";"ID378";392.03392232;1.6572565836;28.874293422;13.5338136864;0.187845322;0.2008362292;0.4812529772;2516.076017;0.7902628408;0.001792848;"Brackish";NA;"APR";2023;"Early dry";"-18.613898";"-39.737418";215;198;160;128.54;1.29337039505955
"SM";"ID381";383.40311528;5.1010752322;35.374895488;5.6691117336;0.1832276142;0.9690190782;1.1467556038;2402.2270214;2.3257062072;0.0045162562;"Brackish";NA;"APR";2023;"Early dry";"-18.613898";"-39.737418";233;226;186;210.75;1.66609522696723
"SM";"ID382";388.26357668;3.5127504794;33.790233632;18.881803306;0.275121589;1.043684232;0.773660897;2700.3203136;18.6548010182;0.0022648402;"Brackish";NA;"APR";2023;"Early dry";"-18.613898";"-39.737418";210;205;167;174.49;1.88413778209697
"SM";"ID383";463.14534348;9.6826768052;8.2945227462;25.392550008;0.3348969788;0.8393518526;1.1246965852;2201.596363;3.2239481848;0.0052577918;"Brackish";NA;"APR";2023;"Early dry";"-18.613898";"-39.737418";198;191;155;147.37;1.89851272648946
"SM";"ID385";402.36517956;9.70545573;19.358896292;2.2778803888;0.2130400386;1.1305454446;0.752929008;2817.4786926;1.7999726508;0.0060330786;"Brackish";NA;"APR";2023;"Early dry";"-18.613898";"-39.737418";200;195;157;184.81;2.310125
"SM";"ID386";410.53241084;53.819672668;16.994733774;10.7395989012;0.6243108522;6.0368054368;1.5562025386;2560.9133884;1.9886617142;0.0340982634;"Brackish";NA;"APR";2023;"Early dry";"-18.613898";"-39.737418";230;224;178;204.86;1.68373469220021
"SM";"ID388";397.00097214;39.8908560588;22.27046397;19.347281454;0.5661059542;4.810566227;0.981359516;2225.6630266;0.5824189738;0.0251083396;"Brackish";NA;"APR";2023;"Early dry";"-18.613898";"-39.737418";185;180;147;107.91;1.70430181825361
"SM";"ID390";452.33747454;6.9349165294;23.91478065;13.8003241242;0.4122324366;1.9973897254;0.4672328508;2635.5369458;2.3869851634;0.0021139678;"Brackish";NA;"APR";2023;"Early dry";"-18.613898";"-39.737418";129;126;103;35.91;1.67280868351214
"SM";"ID480";347.76100978;9.7056342364;10.1316537282;22.298884307;0.4311747464;2.6497790586;0.2332749038;2944.255976;9.4571880328;0.0044995842;"Brackish";20;"MAY";2023;"Early dry";"-18.613898";"-39.737418";225;218;176;207.01;1.81737174211248
"SM";"ID481";389.32068016;3.9950298436;29.445029472;6.1682860572;0.1301254744;0.4564158634;0.3005778626;2353.2669262;0.8888764908;0.0045785322;"Brackish";20;"MAY";2023;"Early dry";"-18.613898";"-39.737418";205;198;157;144.96;1.68262213258658
"SM";"ID482";415.68932894;22.6531272902;16.585943002;25.389474804;0.7232115132;3.292879592;0.6424858234;2445.6983926;1.0311917692;0.090208031;"Brackish";20;"MAY";2023;"Early dry";"-18.613898";"-39.737418";180;176;142;100.04;1.71536351165981
"SM";"ID487";311.87718524;5.065424918;15.4500737796;19.8357906168;0.352713885;0.7115036578;0.274535199;2787.2650368;10.9382846388;0.0016209554;"Brackish";20;"MAY";2023;"Early dry";"-18.613898";"-39.737418";160;155;135;72.32;1.765625
"SM";"ID488";378.2317263;47.471508312;27.530507324;23.430129624;0.4261279708;1.9535718546;0.4862921212;2515.3197766;3.2365895884;0.015302803;"Brackish";20;"MAY";2023;"Early dry";"-18.613898";"-39.737418";137;134;108;46.67;1.81499778521269
"SM";"ID489";412.45880304;15.14209096;32.122802692;10.2862994396;0.6519642106;2.444494479;0.4148061768;2370.1500266;0.9611914478;0.2680072394;"Brackish";20;"MAY";2023;"Early dry";"-18.613898";"-39.737418";130;129;104;39.36;1.79153390987711
"SM";"ID494";299.976765;2.4455548532;36.439413114;18.6532934522;0.0774331564;0.127583507;0.213572799;2282.0238366;2.4753489698;0.0018165352;"Brackish";NA;"MAY";2023;"Early dry";"-18.613898";"-39.737418";205;200;162;125.87;1.46103509815586
"SM";"ID495";352.21163512;11.9328857198;15.038292402;27.52141686;0.174786618;1.2902799872;0.7346483318;2384.0670228;1.5150689446;0.0870251528;"Brackish";NA;"MAY";2023;"Early dry";"-18.613898";"-39.737418";210;207;169;162.5;1.75467012201706
"SM";"ID496";327.03673884;0.846303899;18.184608854;11.1471879438;0.291685501;1.5572166996;0.7441252712;3195.3798712;30.659263454;0.0042075602;"Brackish";NA;"MAY";2023;"Early dry";"-18.613898";"-39.737418";205;200;156;129.01;1.49748262503446
"SM";"ID497";359.7826712;5.4978371658;11.7933713978;28.26550618;0.9592564182;4.2910388902;0.41783277;2426.9538848;4.4358625728;0.0174897828;"Brackish";NA;"MAY";2023;"Early dry";"-18.613898";"-39.737418";185;180;145;110.38;1.74331234082878
"SM";"ID501";315.23408896;15.6288700668;18.66140414;9.423125911;0.254011492;1.7418688254;0.2607445048;2273.9885296;1.6519496342;0.0524837292;"Brackish";3;"JUN";2023;"Early dry";"-18.613898";"-39.737418";194;186;152;109.79;1.50368752006469
"SM";"ID502";368.6805665;3.4830567876;25.894756356;20.03626507;2.576862034;0.8992792752;0.2787407762;2520.734089;16.5220512418;0.0029452434;"Brackish";3;"JUN";2023;"Early dry";"-18.613898";"-39.737418";185;178;148;98.67;1.55836771760804
"SM";"ID503";359.83407106;14.10497091;23.246907526;4.2362690766;0.196236686;1.7182358104;0.3667715506;2678.0677894;1.7068981148;0.0037737978;"Brackish";3;"JUN";2023;"Early dry";"-18.613898";"-39.737418";184;175;145;99.45;1.59643528601956
"SM";"ID504";377.53949954;49.569750792;4.007765128;25.8013822;2.7401757626;4.0367384546;0.5366155614;2539.6622438;1.122214988;0.0172771416;"Brackish";3;"JUN";2023;"Early dry";"-18.613898";"-39.737418";184;178;146;87.88;1.4107062135284
"SM";"ID506";356.92813448;1.3384768848;16.024100378;19.549186226;0.287287117;0.450860371;0.240907836;2671.2417112;2.0607734282;0.0006856638;"Brackish";3;"JUN";2023;"Early dry";"-18.613898";"-39.737418";181;174;144;89.65;1.51187041727455
"SM";"ID508";465.97854968;478.39776862;41.058448506;25.3041356226;1.7085671086;7.3198078682;1.0790950842;3044.5333296;8.2443412818;0.027287246;"Brackish";3;"JUN";2023;"Early dry";"-18.613898";"-39.737418";165;158;135;66.77;1.4863789409244
"SM";"ID509";407.79169406;140.940352032;26.770501128;18.314934392;1.1239227038;6.536224455;0.7602770434;2599.2898048;5.0722859358;0.0182646626;"Brackish";3;"JUN";2023;"Early dry";"-18.613898";"-39.737418";200;184;153;112.52;1.4065
"SM";"ID510";410.96699478;4.5313418474;32.968739782;21.6841945764;0.236203345;1.623990666;0.2210065474;2563.364018;9.1288288442;0.0023504388;"Brackish";3;"JUN";2023;"Early dry";"-18.613898";"-39.737418";178;170;140;84.35;1.49563314131543
"SM";"ID511";344.35529516;4.268517534;23.069998538;0;0.8498546096;3.5969763904;0.2610524728;2215.9988398;0.7650130986;0.0051807586;"Brackish";3;"JUN";2023;"Early dry";"-18.613898";"-39.737418";159;154;136;64.04;1.59316204104855
"SM";"ID514";277.03808654;2.1754385894;31.509261364;4.721950055;0.331731423;1.8521024812;0.337227216;3228.4298828;2.0575855692;0.0032784266;"Brackish";3;"JUN";2023;"Early dry";"-18.613898";"-39.737418";138;132;119;38.6;1.46875732476127
