"ID";"Site";"Habitat";"Mg24";"Al27";"Cr52";"Fe57";"Cu65";"Zn66";"Rb85";"Sr87";"Ba138";"Pb208";"TL";"FL";"SL";"Weight";"Fulton";"Season";"Month";"Year"
"ID292";"AB";"Non-upwelling";223.5685124;8.2070894054;14.666651818;67.942933176;0.0772298748;0.2120057836;0.208708199;2800.6039362;0.4852690202;0.0129738584;676;641;563;4467;1.44602521044442;"Late wet";"FEB";2023
"ID293";"AB";"Non-upwelling";279.61384632;27.1788641144;27.231959188;66.351276184;0.4623286582;1.4973266714;0.3247359314;2993.9260476;0.871258174;0.0067092832;600;564;491;2774;1.28425925925926;"Late wet";"FEB";2023
"ID294";"AB";"Non-upwelling";266.18971386;6.895638752;34.612108758;55.82052134;0.126182216;0.386873533;0.2827407314;2949.4869836;0.7007587016;0.0025732844;751;709;625;6194;1.46235020392431;"Late wet";"FEB";2023
"ID295";"AB";"Non-upwelling";262.65772594;1.1314757288;22.369437188;35.499473762;0.0214839922;0.114567705;0.2215261848;2995.163557;0.320881798;0.0003810334;616;590;521;3820;1.63426028348444;"Late wet";"FEB";2023
"ID296";"AB";"Non-upwelling";224.70318398;4.0511038234;12.1223115422;66.526810748;0.0598608382;0.2578619418;0.3181599042;2784.0084554;0.5549507464;0.0022675238;557;528;451;2490;1.44089973529283;"Late wet";"FEB";2023
"ID297";"AB";"Non-upwelling";230.73869972;1.9219199632;11.1582734946;45.855146062;0.0591323148;0.0739649398;0.313437916;2845.486487;0.3869996924;0.0102606568;465;440;379;1376;1.36854655333391;"Late wet";"FEB";2023
"ID298";"AB";"Non-upwelling";232.26146138;3.6640811322;8.9962198054;47.365161754;0.2119038394;0.8408223238;0.3430792932;2799.4936004;0.7169050698;0.005314244;433;419;366;1235;1.52125937808675;"Late wet";"FEB";2023
"ID299";"AB";"Non-upwelling";262.26479138;7.107812426;31.778423914;76.42090581;0.0290532684;0.415788556;0.2011118172;3255.4099434;0.9157071328;0.0070150056;581;556;482;3149;1.60562552445101;"Late wet";"FEB";2023
"ID300";"AB";"Non-upwelling";243.26613546;9.2950539424;27.284983484;51.205232304;0.1787352968;0.3101491346;0.2818711538;3074.292711;0.6894621006;0.0064645448;513;480;411;1971;1.45993839059992;"Late wet";"FEB";2023
"ID301";"AB";"Non-upwelling";254.01767888;5.9368722884;14.941760194;53.693769078;0.1720545024;0.136795608;0.1456638454;2969.9933442;0.4831284756;0.007021711;515;494;426;2207;1.61577411375394;"Late wet";"FEB";2023
"ID302";"AB";"Non-upwelling";249.49926558;7.115798923;26.783754792;54.59737644;0.206106718;0.6105547696;0.2453364;2919.9493858;0.5747388464;0.005910985;551;519;443;2291;1.3695260347766;"Late wet";"FEB";2023
"ID303";"AB";"Non-upwelling";272.15012682;32.0309807024;68.829881022;67.767616508;0.269464959;2.033734037;0.5601269226;3180.8296084;0.289349464;0.022503858;372;355;302;775;1.50547269433846;"Late wet";"FEB";2023
"ID304";"AB";"Non-upwelling";260.579762;3.2468592418;9.5065497654;87.775851228;0.1303401186;0.7023757696;0.1785171256;3244.6391116;0.9132002792;0.0049844632;641;609;523;3952;1.50052365883664;"Late wet";"FEB";2023
"ID305";"AB";"Non-upwelling";309.65365618;6.4391657922;70.960813942;NA;0.0531912012;0.9732251826;0.1212651736;3195.581092;1.1260824958;0.0078959194;556;551;459;2432;1.41494381742161;"Late wet";"FEB";2023
"ID306";"AB";"Non-upwelling";276.75739722;1.8778244828;51.82056424;35.450382492;0.0954257068;0.5130287686;0.1672827726;3202.6681986;0.7019087924;0.0037931386;488;475;396;1704;1.46625708759764;"Late wet";"FEB";2023
"ID307";"AB";"Non-upwelling";266.21877902;1.8380514394;32.634947874;14.1715615522;1.1518057828;1.3075831948;0.3911730754;2967.7567658;0.4265585148;0.099358396;440;415;362;1222;1.43454169797145;"Late wet";"FEB";2023
"ID308";"AB";"Non-upwelling";281.01994254;4.9248866484;21.178902136;49.777942154;0.2431251556;0.5377935972;0.15115953;3117.3306092;2.7318876918;0.001634486;529;497;428;2282;1.54151808417214;"Late wet";"FEB";2023
"ID309";"AB";"Non-upwelling";223.44120136;15.5836973776;2.7525317574;87.24063066;0.084754022;0.5809232686;0.3054476826;2842.572334;0.3399768042;0.0126728618;475;450;391;1847;1.72339991252369;"Late wet";"FEB";2023
"ID310";"AB";"Non-upwelling";238.08338434;9.1589970268;32.12353908;5.5098496356;0.0780409492;0.735558713;0.3350408098;3096.0754108;0.5248806034;0.0098655964;534;495;432;2212;1.45265121455564;"Late wet";"FEB";2023
"ID311";"AB";"Non-upwelling";261.55673222;0.2160022376;20.950126678;26.169932974;0.3562584192;0.881064017;0.143949042;3024.1759514;0.3656142712;0.0004666064;655;614;544;4170;1.48392569517871;"Late wet";"FEB";2023
"ID312";"AB";"Non-upwelling";217.4364959;2.0568018106;40.629801992;133.72202042;0.0358682134;0.4826907778;0.4447975994;3140.3963604;0.4130268212;0.0089984422;598;573;487;3030;1.41689959623131;"Late wet";"FEB";2023
"ID313";"AB";"Non-upwelling";221.97838966;14.1837201488;16.25541798;59.541447778;0.0310690214;1.1662704524;0.472746476;2917.2247166;0.3659478278;0;541;506;432;2424;1.53087883983838;"Late wet";"FEB";2023
"ID314";"AB";"Non-upwelling";281.69122986;4.8422791158;26.05153329;50.581241006;0.2815371012;2.6533453224;0.3931729952;3175.5196674;0.7531417464;0.0041382702;586;547;462;3004;1.49281874671843;"Late wet";"FEB";2023
"ID315";"AB";"Non-upwelling";276.72418594;1.1510775968;23.052690542;18.692278476;0.1086432474;0.559864628;0.186254299;2901.773996;0.3118740826;0.0010575116;635;609;532;3943;1.53994638697939;"Late wet";"FEB";2023
"ID316";"AB";"Non-upwelling";235.11914278;7.602969147;14.03332008;65.819064856;0.0981247462;0.2529673154;0.3885613184;2902.093232;0.530223154;0.011621919;516;486;414;1730;1.25920662005535;"Late wet";"FEB";2023
"ID317";"AB";"Non-upwelling";263.39109476;13.0228184624;35.477289928;NA;0.0440626376;1.3652874836;0.5076637832;2850.6230168;0.5227159334;0.009116969;532;490;421;2333;1.54945811869829;"Late wet";"FEB";2023
"ID318";"AB";"Non-upwelling";247.81681106;8.0139688054;22.748495098;36.001365556;0.0314971248;0.9566938362;0.4255198972;3140.5382346;0.4008118642;0.007121718;492;460;409;1560;1.30987330099357;"Late wet";"FEB";2023
"ID319";"AB";"Non-upwelling";271.64949932;1.6941208854;54.85828289;2086.1587396;0.093748137;0.036855483;0.1378441266;2790.389302;0.2916680166;0.001028828;557;521;460;2555;1.47851358380449;"Late wet";"FEB";2023
"ID320";"AB";"Non-upwelling";280.6065872;4.6755851662;22.972245554;91.488117124;0.18379237;0.9702123282;0.2451341698;2917.0722766;0.8219008424;0.015309362;425;400;341;1261;1.64266232444535;"Late wet";"FEB";2023
"ID321";"AB";"Non-upwelling";241.81056186;6.8240830702;3.224148869;82.743137874;0.4057246794;2.4632050008;0.3121902842;2820.1683318;0.3887405762;0.0088502772;442;409;355;1167;1.35146265085311;"Late wet";"FEB";2023
"ID110";"AK";"Non-upwelling";286.21909782;6.4148120936;28.185621784;58.767127612;0.0543725228;0.4277971212;0.1518026066;3575.6284672;0.8050001428;0.0757470434;630;NA;NA;2965.475355;1.18596718017013;"Late dry";"JUL";2022
"ID111";"AK";"Non-upwelling";270.75419448;53.054867216;25.128450338;31.315794118;0.1024565346;0.2620678878;0.179832914;3386.3970456;0.4038886032;0.0005770864;745;700;620;6000;1.45105018245445;"Early wet";"NOV";2022
"ID112";"AK";"Non-upwelling";264.29030798;0.1150590306;49.638563992;13.8461509854;0.0548872608;0.1374680906;0.1157500628;3304.8380602;0.5463787312;0.0002865866;790;760;660;7000;1.41976598200142;"Early wet";"NOV";2022
"ID142";"AK";"Non-upwelling";272.34421078;3.6229815764;27.357311618;46.369154452;0.0939176434;0.4788136706;0.2506963796;3288.2033428;2.81868864;0.0068912488;430;410;330;950;1.19486334536582;"Early wet";"NOV";2022
"ID143";"AK";"Non-upwelling";231.4955274;2.6393603364;37.290814712;42.05538717;0.0404386924;0.3835538722;0.4479665686;2860.196291;0.529269103;0.0335023608;440;410;380;1150;1.35001878287002;"Early wet";"NOV";2022
"ID144";"AK";"Non-upwelling";231.88181698;2.23569327;16.79788576;57.415088342;0.106295687;0.2624273232;0.3602037208;2864.6597886;0.6180712468;0.0025571428;490;460;390;1500;1.27497896284711;"Early wet";"NOV";2022
"ID158";"AK";"Non-upwelling";257.11988116;3.842867518;7.106769896;82.545497716;0.1592992368;0.5126434774;0.2804358122;2920.270684;0.7252792854;0.0051450018;490;460;390;1500;1.27497896284711;"Early wet";"NOV";2022
"ID092";"CA";"Saline";230.4123732;8.1403497748;10.615474604;55.012917498;0.081158337;0.4774730488;0.0879120592;3062.576211;1.0043381362;0.0072531592;221;210;17;150.95;1.39848011754089;"Late dry";"AUG";2022
"ID093";"CA";"Saline";216.18796796;44.8590458134;2.6546644082;88.557976812;0.0292781654;0.3156194304;0.2442376102;3191.2569174;0.77807962;0.0025315346;218;207;175;157.27;1.51801619886504;"Late dry";"AUG";2022
"ID094";"CA";"Saline";235.17991932;2.2747024408;13.0150111658;65.526889292;0.055602759;0.150159925;0.1329944974;3282.4444532;0.8706891332;0.0028931558;219;213;175;167.65;1.59614085226591;"Late dry";"AUG";2022
"ID095";"CA";"Saline";228.03080372;4.326660926;4.823137759;57.071046882;0.0830662426;0.952155007;0.354518107;2584.3548538;0.7595729788;0.0072991708;189;183;155;119.43;1.76900076119023;"Late dry";"AUG";2022
"ID096";"CA";"Saline";216.6807108;6.5725531842;11.4111947358;91.010970656;0.201037409;1.0903705468;0.526564541;2075.6779678;63.151662086;0.006639803;212;201;170;147.18;1.54468957595868;"Late dry";"AUG";2022
"ID097";"CA";"Saline";221.32004992;7.8395706704;12.1997424098;62.316754742;0.079610178;0.2308105828;0.4517483126;3074.3051252;0.8656807026;0.0067141062;197;187;155;115.95;1.51660357185974;"Late dry";"AUG";2022
"ID098";"CA";"Saline";206.73740626;1.3473434068;11.2961449206;128.28467264;0.0816216016;0.2254989076;0.2106501844;2829.959707;2.1065113978;0.0434963708;195;192;160;124.59;1.68027107672078;"Late dry";"AUG";2022
"ID099";"CA";"Saline";241.49765518;5.1978155526;13.872092839;42.167841408;0.0660071414;0.281634928;0.2204635412;3274.554133;1.2041228266;0.0012803408;193;188;160;119.61;1.66377871256272;"Late dry";"AUG";2022
"ID100";"CA";"Saline";219.26941006;7.8244782744;3.3104450222;98.194277448;0.0262584228;0.5419308508;0.1998890514;3135.3576642;1.3712763294;0.0503409258;185;177;156;95.47;1.50782776933252;"Late dry";"AUG";2022
"ID101";"CA";"Saline";212.71656956;1.2896014652;30.332853882;0;0.1093689404;0.1717779558;0.290570593;3085.7851082;1.5334123552;0.0032166886;195;187;153;121.16;1.63401271093579;"Late dry";"AUG";2022
"ID102";"CA";"Saline";205.4968559;1.3630131636;9.8014379642;201.881211114;0.047941254;0.1831832024;0.265212093;2744.7483718;0.6827895104;0.0081730886;194;185;155;117.71;1.61216010553616;"Late dry";"AUG";2022
"ID103";"CA";"Saline";232.33904446;4.0737574178;12.3026365174;65.069225466;0.0401729556;0.1013290976;0.271799481;2757.63406;0.998941479;0.0030374894;193;186;155;118.7;1.65112058507813;"Late dry";"AUG";2022
"ID104";"CA";"Saline";213.05199478;3.7311524764;6.6183345038;95.995773948;0.2146277756;0.4002208232;0.3348238258;2451.3508088;79.143473618;0.0051721494;189;183;155;107.11;1.58651654970347;"Late dry";"AUG";2022
"ID105";"CA";"Saline";216.71738646;2.5789618844;5.837144486;76.555640136;0.1178897408;0.3082447378;0.041783891;2514.4145364;0.6724008902;0.0052712686;193;185;155;11.18;0.155514137667847;"Late dry";"AUG";2022
"ID106";"CA";"Saline";387.58799624;1.8872194494;9.8816413328;61.052466396;0.0769593762;0.2490812006;0.2231506898;2685.7874522;0.8673906252;0.0040388474;180;173;145;99.89;1.7127914951989;"Late dry";"AUG";2022
"ID352";"CA";"Saline";219.0834872;4.6895775238;1.0173397826;82.872952038;0.0994355304;0.6306417032;0.2284872146;2855.6716956;1.761192375;0.0168783114;232;225;184;167.11;1.33825379781869;"Late wet";"FEB";2023
"ID353";"CA";"Saline";220.76054568;1.1069165694;8.4436879326;58.103412164;0.0632292138;0.3860303886;0.2879614688;2814.0125976;0.876096744;0.0019350588;215;210;170;130.57;1.31379626951086;"Late wet";"FEB";2023
"ID354";"CA";"Saline";215.55870164;3.4413627394;11.6244929352;15.8998577938;0.298824941;1.253692112;0.1932621876;2654.3877954;0.6951251962;0.012385769;205;200;170;130.8;1.51826003685379;"Late wet";"FEB";2023
"ID355";"CA";"Saline";232.28767642;4.4486190548;0;71.655294526;0.0643373258;0.4431693352;0.1782113388;2931.992503;1.2713162956;0.0292887604;215;198;170;142.73;1.43615027607632;"Late wet";"FEB";2023
"ID356";"CA";"Saline";218.91156178;7.4480945048;5.073556429;62.906203172;0.1267616206;0.6582890016;0.3249436804;2723.6952314;0.9529519942;0.0389029198;198;193;155;104.23;1.34275620195424;"Late wet";"FEB";2023
"ID357";"CA";"Saline";215.66897938;1.2774107744;11.8648945736;64.346962934;0.0839395162;0.652625462;0.1764612152;2670.2724316;6.8579204486;0.0051938278;212.2889758;NA;170;121.98;1.27498860605009;"Late wet";"FEB";2023
"ID358";"CA";"Saline";203.10680078;0.6691153748;9.9310199034;116.7430414;0.133695837;0.1025692668;0.279203676;2853.7057984;3.0820600284;0.0017190912;215;200;173;128.49;1.29286729470361;"Late wet";"FEB";2023
"ID359";"CA";"Saline";369.33760772;4.3935160798;16.877703864;71.325420458;0.1800710672;0.8439341164;0.5434315246;2571.5695188;0.4451174756;0.0017101152;230;NA;180;165.47;1.35999013725651;"Late wet";"FEB";2023
"ID241";"FR";"Non-upwelling";251.24723086;6.2642683094;21.98809824;39.965925694;0.3041250144;2.2279006656;0.3919146568;3187.947469;1.8582707126;0.0532241658;385;350;310;786;1.37733745424756;"Late wet";"JAN";2023
"ID262";"FR";"Non-upwelling";248.91022166;4.4897474604;16.4017062;43.317120314;0.0918017794;0.993538717;0.5973577754;2768.467394;0.5916183562;0.0098584024;660;640;560;4925;1.71306731224087;"Late wet";"FEB";2023
"ID263";"FR";"Non-upwelling";264.83654812;0.4314975458;22.903234094;49.172995036;0.0439427474;0.7678923664;0.1778605464;3479.5973226;0.490488233;0.0004784844;610;590;520;4402;1.93936937452915;"Late wet";"FEB";2023
"ID264";"FR";"Non-upwelling";263.2061948;0.0986127658;25.124679606;9.533465577;0.0219169714;0.1431199418;0.24842112;2898.8279492;0.5852944444;0.0002074442;570;540;450;2878;1.55405441890352;"Late wet";"FEB";2023
"ID266";"FR";"Non-upwelling";256.16443998;0.177801121;25.40704027;54.486191402;0.0694120506;0.5247364846;0.2366153224;3298.5690902;1.3686184348;0.0010401916;534;495;432;2212;1.45265121455564;"Late wet";"FEB";2023
"ID267";"FR";"Non-upwelling";238.13806132;1.6849003178;10.3923127824;67.108605374;0.0841546218;0.2596831236;0.267585184;3110.0439928;1.0938488718;0.001100305;510;482;421;2210.82;1.66664405093064;"Late wet";"FEB";2023
"ID268";"FR";"Non-upwelling";228.1584278;0.1901703844;10.9500624142;33.484579112;0.0333450412;0.1143089696;0.1651622366;3249.9662294;1.2101438736;0.0054251792;369;345;301;673.74;1.34095200427184;"Late wet";"FEB";2023
"ID069";"GR";"Marine";394.84541316;5.2464218366;12.040271344;49.480802572;0.3410766932;0.4981572266;0.195568834;2279.5296778;0.873517541;0.0087096884;32.71121122;NA;22;0.14;0.399979892804603;"Early dry";"JUN";2022
"ID186";"GR";"Marine";231.44597574;9.5606398418;11.5418035646;67.414416356;0.0887813262;0.212635875;0.2081666308;2749.5987834;0.5093991938;0.0160874684;131;126;113;36.21;1.61069992273444;"Early wet";"OCT";2022
"ID188";"GR";"Marine";219.38611172;4.9395121196;11.8126109808;61.617933798;0.0791248182;0.2655039774;0.3485116774;2678.3062096;0.6704072942;0.0068127614;134;130;105;42.66;1.7729906936691;"Early wet";"OCT";2022
"ID192";"GR";"Marine";230.859543;4.317610707;30.125745548;384.18112188;0.142265625;0.1030516228;0.1547090818;2571.6637868;0.5505638496;0.174650419;115;116;91;25.82;1.69770691213939;"Early wet";"OCT";2022
"ID193";"GR";"Marine";226.5576064;0.8825746546;2.8207414394;62.354068952;0.1763950442;0.2981239052;0.258972036;2608.8913972;0.427599477;0.016750069;123;120;99;35.14;1.88836708910416;"Early wet";"OCT";2022
"ID194";"GR";"Marine";217.2169348;8.5009070554;12.3575081542;84.947756208;0.1634795886;0.5217820458;0.2689238124;2963.338722;7.9888016016;0.0543389324;128;125;103;38.29;1.82580947875977;"Early wet";"OCT";2022
"ID224";"GR";"Marine";210.8126104;4.8101603352;4.1804503084;97.334653372;0.0178104296;0.305383451;0.23263683;2745.1515828;2.3254829844;0.0019618788;105;102;83;17.38;1.50134974624771;"Early wet";"NOV";2022
"ID226";"GR";"Marine";207.95625674;6.7611794864;27.023531684;0;0.2519210458;0.340610438;0.2440876876;3016.3169946;1.2873135884;0.0066591718;109;106;87;22.77;1.75826178409904;"Early wet";"NOV";2022
"ID405";"GR";"Marine";206.96177686;1.4662850188;23.359118836;98.123536924;0.050061912;0.4126762174;0.1766601698;2994.4324728;1.9006812648;0.0029606066;67;NA;55;7.293;2.42483284180567;"Late wet";"FEB";2023
"ID408";"GR";"Marine";208.25986348;2.9606318846;15.8991224434;56.87284255;0.160575327;0.4985397288;0.3609907762;2068.3588714;42.32111943;0.0110678366;34;NA;24;0.702;1.78607775290047;"Late wet";"FEB";2023
"ID409";"GR";"Marine";290.23196734;3.6727027194;5.6794719348;55.651702026;0.0951002616;0.2419248176;0.1031911686;1907.024949;0.2293466518;0.0003791782;39;NA;30;1.209;2.03813280736358;"Late wet";"FEB";2023
"ID410";"GR";"Marine";202.03825688;1.2503570904;21.859054496;42.467204064;0.047705499;0.2152719216;0.0599027734;2973.7807554;2.8562314604;0.0028939012;32;NA;24;0.689;2.1026611328125;"Late wet";"FEB";2023
"ID413";"GR";"Marine";311.2440051;5.1465194804;24.832223534;13.6157374646;0.0266733702;0.0572782456;0.2454334012;2302.1672558;0.389371413;NA;38;NA;29;1.105;2.01377751858872;"Late wet";"FEB";2023
"ID416";"GR";"Marine";243.17695046;3.4682873464;4.7009104316;57.401799232;0.061352943;0.1767366164;0.2116346468;2288.8495628;0.3226003738;0.0044549882;40;NA;30;1.222;1.909375;"Late wet";"FEB";2023
"ID425";"GR";"Marine";419.18905688;4.1237629694;16.749678296;55.769789796;0.1494832566;0.618233786;0.3632049732;2372.611369;0.7302420488;0.0026193384;19;NA;15;0.169;2.46391602274384;"Late wet";"FEB";2023
"ID391";"GU";"Upwelling";248.32281786;4.4662637312;48.85881005;0;0.201125845;0.3777195706;0.2017172562;3120.0813242;1.0195201212;0.0037378524;410;NA;NA;1255;1.82092540735044;"Early dry";"APR";2023
"ID392";"GU";"Upwelling";236.66431426;0.993793164;11.1469421184;24.157672626;0.0355797848;1.0779653958;0.1942194342;2972.2554586;1.3260225206;0.0082786098;380;NA;NA;905;1.64929289983963;"Early dry";"APR";2023
"ID393";"GU";"Upwelling";262.0607335;2.4915798368;21.101636728;22.74796126;0.1171657734;0.494351869;0.1319605504;3356.8706152;0.8379394072;0.003411324;390;NA;NA;918;1.54756486117433;"Early dry";"APR";2023
"ID394";"GU";"Upwelling";267.78569088;1.6199481472;26.57293307;28.272936416;0.0810178164;0.0540811498;0.1841522392;2885.4300702;0.5271098346;0.0007106786;380;NA;NA;891;1.62377897652719;"Early dry";"APR";2023
"ID395";"GU";"Upwelling";266.9105889;4.3952877696;34.53964197;18.68587629;0.0553845098;0.5603879946;0;3140.7760242;6.2344297544;0.0021121924;420;NA;NA;1013;1.3672929489256;"Early dry";"APR";2023
"ID396";"GU";"Upwelling";242.26165516;5.8711620506;15.3532983;55.183408938;0.0487853484;0.3575856836;0.2587421314;3135.9904404;0.5600045914;0.0114906866;410;NA;NA;1155;1.67583174939423;"Early dry";"APR";2023
"ID403";"GU";"Upwelling";236.43303002;7.438996247;30.118408236;109.2752064;0.1925620072;0.394672834;0.2157758938;3118.14968;0.4348610136;0.0048355838;515;494;426;2200;1.61064932046156;"Late wet";"FEB";2023
"ID399";"IT";"Brackish";252.40641374;3.1313190378;17.150395354;65.785695106;0.334920249;0.4400832954;0.3507410652;1836.7352012;73.566117832;0.0647724312;158;154;125;19.93;0.505284571808721;"Early dry";"APR";2023
"ID444";"IT";"Brackish";226.0704957;2.7511736938;26.930027456;15.848393054;0.20643606;0.5679968604;0.4797358968;2453.9290342;73.84306932;0.0119685622;223;218;182;163.9;1.47796573121385;"Early dry";"MAY";2023
"ID445";"IT";"Brackish";242.98909526;1.5843693708;32.76599705;NA;0.0922276434;0.2780899392;0.266139966;2252.7606952;30.852103162;0.004052461;214;210;170;175.69;1.79269217488692;"Early dry";"MAY";2023
"ID446";"IT";"Brackish";247.66706824;3.5772133512;10.6412730784;83.220346096;0.4684782186;1.2842718422;0.4225772356;2173.0258628;66.184635828;0.0265949458;210;203;165;168.86;1.82334521110031;"Early dry";"MAY";2023
"ID447";"IT";"Brackish";214.16485954;1.557007241;13.2277374922;78.678807702;0.0746312978;0.348008592;0.2109749616;3126.7080886;1.4590904614;0.0014722028;210;203;164;177.82;1.92009502213584;"Early dry";"MAY";2023
"ID449";"IT";"Brackish";248.45271096;29.7969935726;10.91366433;66.593720024;0.2196737116;1.2467403822;0.4257699578;2053.4348814;60.319543168;0.0040763812;175;171;140;98.02;1.82894460641399;"Early dry";"MAY";2023
"ID454";"IT";"Brackish";233.05931724;8.9472090578;20.5867586212;5.3933431996;0.325862548;1.127978195;0.537359374;2233.5855488;50.734565624;0.063551098;168;165;135;86.9;1.83270232696253;"Early dry";"MAY";2023
"ID460";"IT";"Brackish";234.92557692;7.3791293558;20.733978148;20.1700502404;0.2226599372;0.4416814294;0.2815405184;2373.6057782;56.925514142;0.0039167814;185;183;147;118.4;1.8699780861943;"Early dry";"MAY";2023
"ID461";"IT";"Brackish";207.50191604;2.9250266916;13.698053774;117.0182513;0.1738497536;0.762908737;0.224119665;3072.0629746;0.7666495686;0.0044552188;190;187;150;123.01;1.79341011809302;"Early dry";"MAY";2023
"ID462";"IT";"Brackish";243.05587524;9.3487334964;6.9353270298;73.975519162;0.2040877358;0.6768949888;0.6412289196;2532.8065846;62.668274356;0.0236016662;180;175;140;102.9;1.76440329218107;"Early dry";"MAY";2023
"ID463";"IT";"Brackish";235.35704598;1.8183888556;13.58031974;63.07294323;0.1564183932;0.529785321;0.2113080066;2421.9144546;49.576766824;0.0788001674;183;178;144;124.9;2.03802341426195;"Early dry";"MAY";2023
"ID465";"IT";"Brackish";200.21426478;8.1550617078;3.660517576;96.355098532;0.347705313;0.7768999498;0.3447548416;2710.4859766;0.657559826;0.010528661;169;167;133;88.9;1.8417965160834;"Early dry";"MAY";2023
"ID470";"IT";"Brackish";219.10222414;0.7201646872;13.3748292182;55.213852994;0.2117451982;0.2666315454;0.1818697204;1973.9467382;40.266145226;0.0033705208;162;160;130;81.02;1.9056677975542;"Early dry";"MAY";2023
"ID472";"IT";"Brackish";220.47603494;56.3350811694;14.8246780796;97.61288192;0.2025755068;1.149648099;0.4426663244;1767.1330014;34.207854138;0.0069509394;141;138;110;51.87;1.85037141202923;"Early dry";"MAY";2023
"ID473";"IT";"Brackish";229.7894231;1.1184924766;12.2214619898;70.567673292;0.1067925014;0.7334259382;0.358844819;2605.9074748;34.577894334;0.004534412;145;141;113;56.5;1.85329451802042;"Early dry";"MAY";2023
"ID427";"MA";"Upwelling";264.28796432;6.9694432842;31.605390138;62.379209688;0.1138981348;0.480558872;0.2837301398;3299.8871672;3.6065101032;0.0144801368;520;500;430;2237.28;1.59114701866181;"Early dry";"APR";2023
"ID428";"MA";"Upwelling";272.34525968;2.3981484074;23.375313056;31.636787954;0.009817022;0.1837601226;0.3394923644;2911.0108158;0.5605496566;0.0002760278;522;498;421;1999.62;1.40584021636955;"Early dry";"APR";2023
"ID429";"MA";"Upwelling";243.64853216;12.1269581458;17.351593072;60.914611272;0.0957624278;0.4795391566;0.2314845362;2671.54788;3.1837883308;0.0130442938;440;426;368;1318.2;1.54747370398197;"Early dry";"APR";2023
"ID430";"MA";"Upwelling";271.10845126;0.6656584848;61.50659209;121.80366574;0.1689956714;0.2807168888;0.178491853;3002.2105172;1.059894361;0.0020040492;499;466;395;1563;1.25793250993294;"Early dry";"APR";2023
"ID431";"MA";"Upwelling";242.30758552;1.649793299;29.208820168;4.966794199;0.0726545048;0.1935387034;0.2247456868;3070.305571;0.925651362;0.003380001;540;509;441;2257.25;1.43350226083422;"Early dry";"APR";2023
"ID432";"MA";"Upwelling";272.24967744;7.0441925466;71.68066649;5319.380911;0.0862603522;0.6992137422;0.291649954;3286.730658;1.153997709;0.0027426758;415;397;341;2873.03;4.01972063023469;"Early dry";"APR";2023
"ID433";"MA";"Upwelling";275.39967982;50.746939354;21.211534972;31.151435652;0.1405294478;2.7068402734;0.1015516648;2853.025422;0.6242333;0.0456756908;580;542;466;3226.02;1.65341957439829;"Early dry";"APR";2023
"ID434";"MA";"Upwelling";266.27200016;1.764249446;5.6742196556;63.61477409;0.0574610122;0.5894526054;0.2998455304;3007.709569;1.086179779;0.0023042052;540;508;427;2035.48;1.29266371996139;"Early dry";"APR";2023
"ID435";"MA";"Upwelling";249.69981676;3.3719560654;18.146055052;41.16024296;0.0336203422;0.8768171122;0.3359926538;3122.2570362;0.6557215804;0.1429704974;486;446;381;1415.92;1.23347374124036;"Early dry";"APR";2023
"ID436";"MA";"Upwelling";249.0335903;6.8588921782;18.927839528;39.763601096;0.0433727254;0.5894816454;0.1314396272;2909.9650628;0.9560286546;0.0035477392;544;512;439;2115.85;1.31428084013396;"Early dry";"APR";2023
"ID437";"MA";"Upwelling";274.17706138;2.7953275126;5.0330181012;58.360494734;0.1399772102;0.3139008496;0.2616185872;2953.523519;0.6074928394;0.0010526988;486;516;442;2271.01;1.9783823952584;"Early dry";"APR";2023
"ID438";"MA";"Upwelling";260.18703464;1.032458136;9.0505752274;100.001191912;0.2110199698;0.9530640578;0.1866869364;3035.574627;1.033319365;0.0018674022;544;463;385;1549.66;0.962586405804753;"Early dry";"APR";2023
"ID439";"MA";"Upwelling";233.64674194;5.710542705;15.094646362;49.484137754;0.1114684236;0.231902373;0.1435328352;2828.1949748;0.568844569;0.0029414528;541;460;388;1822.3;1.15087479778774;"Early dry";"MAY";2023
"ID440";"MA";"Upwelling";234.00353982;4.628904729;10.9910505596;55.394700364;0.2629934842;0.401775135;0.180789231;2845.782088;0.8898565694;0.0023085384;479;519;439;2715.1;2.47046832230597;"Early dry";"APR";2023
"ID441";"MA";"Upwelling";211.63918662;1.5805047774;16.888639778;1181.4813264;0.1852003772;0.1894849626;0.1600706718;2511.0731862;2.3628899096;0.001767937;482;455;381;1694.73;1.51341976911483;"Early dry";"APR";2023
"ID442";"MA";"Upwelling";224.16422642;2.0268237138;28.216520548;34.34411291;0.145636423;0.9138255194;0.3430855638;3015.21771;1.4582071716;0.0497910156;485;467;400;2063.44;1.80870037790096;"Early dry";"APR";2023
"ID443";"MA";"Upwelling";236.81884748;5.728035725;15.560860248;64.395196236;0.542387949;0.2335959594;0.3411440934;2949.1996256;1.7095960872;0.043565081;597;564;476;3197.69;1.50284214388986;"Early dry";"APR";2023
"ID516";"MA";"Upwelling";243.94372532;4.83269419;11.955120536;67.236300548;0.0668414352;0.4456322734;0.2109004864;3426.4043408;0.9047277586;0.0045973296;690;NA;NA;8000;2.43524530530366;"Late wet";"JAN";2023
"ID337";"PA";"Saline";229.93848376;0.9835403554;8.607007368;52.521909204;0.0841707894;0.4312635024;0.4372984826;2613.0717306;1.1833898864;0.0164679462;230;224;180;243.5992;2.00213035259308;"Late wet";"MAR";2023
"ID338";"PA";"Saline";201.39915982;1.9610342064;0;297.12223146;0.177446448;0.8557896616;0.171669364;2961.4088128;1.0932569882;0.0040432952;235;228;188;254.3018;1.9595026150275;"Late wet";"MAR";2023
"ID339";"PA";"Saline";208.50891678;0.361162802;14.244230564;99.13116458;0.1071913234;0.2984678494;0.1507063394;3000.7651722;1.422236286;0.000792742;244;235;194;266.0074;1.83115134086113;"Late wet";"MAR";2023
"ID340";"PA";"Saline";205.73150156;45.6343144282;6.4229315144;54.021122006;0.0032962844;0.1478487746;0.2054936032;2992.637149;0.9142170778;0.0023207514;230;224;180;207.3614;1.70429358099778;"Late wet";"MAR";2023
"ID341";"PA";"Saline";197.58884914;6.490979405;0;125.99661086;0.132094378;1.4613957718;0.1538877186;3152.596795;4.4187426448;0.004941199;235;225;190;204.4114;1.57507604288067;"Late wet";"MAR";2023
"ID342";"PA";"Saline";225.80528644;8.7016753276;13.806471352;82.039773674;0.0515425358;0.2764858538;0.2458235804;2915.6270852;2.253392423;0.0010784408;214;210;170;154.4384;1.57584672538025;"Late wet";"MAR";2023
"ID343";"PA";"Saline";211.72599826;54.051854164;2.4693238416;59.48184824;0.0534778874;1.0047603662;0.247477922;2815.3726054;1.4699204452;0.0027262176;200;195;157;119.8526;1.4981575;"Late wet";"MAR";2023
"ID344";"PA";"Saline";262.11994014;3.2494350852;17.7582704724;74.305630884;0.1311765474;0.2603362752;0.1358620006;2862.4115296;0.843419623;0.0009203476;215;198;160;140.8448;1.41718138025583;"Late wet";"MAR";2023
"ID345";"PA";"Saline";208.72285828;25.346457824;7.2774682224;67.3030103;0.2765916996;0.2883097962;0.3182895752;2767.4126918;1.3700428014;0.0390075994;190;185;150;121.1978;1.76698935704913;"Late wet";"MAR";2023
"ID346";"PA";"Saline";223.6995377;1.4987552422;12.914742192;5.657199679;0.0209382992;0.4157825832;0.1643850694;2772.6121346;1.5323119336;0.0011846574;200;190;154;118.1416;1.47677;"Late wet";"MAR";2023
"ID347";"PA";"Saline";212.51105058;6.997738981;7.6364411458;74.534776348;0.137441606;0.1667266528;0.237177506;2911.4340032;1.4168407846;0.0042374298;205;200;162;134.4138;1.56020719374356;"Late wet";"MAR";2023
"ID348";"PA";"Saline";241.39222092;21.1889924256;10.9967686724;64.580358928;0.0709000026;0.1873508828;0.2230178908;2971.3464236;1.9621823666;0.0480830042;200;184;153;112.4776;1.40597;"Late wet";"MAR";2023
"ID349";"PA";"Saline";241.22340314;2.0588348862;4.6292543932;73.416502722;0.0589285998;0.1522654288;0.1908260916;2477.271242;0.4938659134;9.8818e-05;215;198;160;139.6884;1.40554567522357;"Late wet";"MAR";2023
"ID350";"PA";"Saline";209.47699856;1.3233968716;9.3314111168;111.31703576;0.1056003948;0.2192318292;0.0875323366;2957.4488962;0.700505968;0.0038296326;144;140;113;46.29;1.5502427340535;"Late wet";"MAR";2023
"ID351";"PA";"Saline";209.3511983;14.5382742444;2.7686845594;64.848800034;0.2339684826;0.4626795106;0.3582018592;3008.308595;2.7816460464;0.0014568832;133;130;105;38.05;1.6173340808633;"Late wet";"MAR";2023
"ID012";"SM";"Brackish";232.95186232;3.898894648;2.946135101;57.608679;0.1542406782;0.1705350024;0.2908841452;3111.9506556;14.2312588316;0.0006982998;187;179;145;103.18;1.57786812857775;"Late dry";"JUL";2022
"ID013";"SM";"Brackish";238.1081368;2.7140487416;17.086843096;49.000563646;0.1918724332;0.3150127544;0.5101815428;3116.839509;11.2531078404;0.0017018072;180;174;144;89.09;1.52760631001372;"Late dry";"JUL";2022
"ID014";"SM";"Brackish";233.166726;3.0125139746;14.970789168;55.365629946;0.129493783;0.215050679;0.3630125732;2640.2149966;6.7342425492;0.0090755266;147;142;107;42.38;1.33416317149286;"Late dry";"JUL";2022
"ID015";"SM";"Brackish";272.6134974;8.1594487238;15.0381947916;58.07938795;0.2190950998;0.575723242;0.4968546914;2768.2321918;5.4424319134;0.008537089;260;248;212;270.16;1.53709604005462;"Late dry";"JUL";2022
"ID016";"SM";"Brackish";236.34523158;1.2624751642;1.5438150968;58.669880844;0.1205563064;0.2377992434;0.1931935762;3101.3293354;26.009409102;0.3662934838;165;160;135;71.29;1.58699947129699;"Late dry";"JUL";2022
"ID018";"SM";"Brackish";287.35295128;1.2159316526;19.871773186;51.980973702;0.1483190212;0.7083887158;0.235771428;3792.816853;31.015782234;0.0046159094;178;172;138;80.86;1.43375098763208;"Late dry";"JUL";2022
"ID019";"SM";"Brackish";246.6933639;20.933722394;21.007204568;49.73196959;0.1960054066;1.44214683;0.502479495;3418.9182816;18.8461349826;0.0029344736;167;162;133;75.03;1.61096287828803;"Late dry";"JUL";2022
"ID022";"SM";"Brackish";223.8396638;15.9080019162;11.3028071228;65.63349103;0.1340590424;0.7473142314;0.3975363246;3162.6334438;14.5816112628;0.0196261972;167;162;130;75.68;1.62491897412819;"Late dry";"JUL";2022
"ID023";"SM";"Brackish";247.92037252;21.147571398;22.66076909;43.48331366;0.2231068452;0.3055432468;0.4473117222;3180.5229528;13.7127999632;0.0031203202;176;169;137;77.56;1.42265566303531;"Late dry";"JUL";2022
"ID032";"SM";"Brackish";278.24667102;4.2230462796;15.174867846;47.12247181;0.146067896;0.4682913034;0.2992306034;3448.430836;15.5661516408;0.0043263934;116;112;90;26.24;1.6810857353725;"Late dry";"JUL";2022
"ID044";"SM";"Brackish";279.29305316;3.9247413234;32.509561584;47.403621164;0.092722188;0.4706296804;0.3721063974;2969.8767874;18.2845892504;0.006548615;190;181;145;101.78;1.48388977985129;"Late dry";"SEP";2022
"ID047";"SM";"Brackish";223.9852729;4.4665350202;13.960135084;69.34012556;0.3035651644;0.3249379548;0.3945238382;3168.7371668;10.694630195;0.2830628174;173;166;135;84.67;1.63527670593043;"Late dry";"SEP";2022
"ID048";"SM";"Brackish";268.62741128;0.9465081058;8.8232856354;35.498530032;0.0581929958;0.4898056078;0.1994029152;3250.6507848;6.9809286272;0.0034637302;154;153;123;63.25;1.73180252029974;"Late dry";"SEP";2022
"ID050";"SM";"Brackish";271.26921262;17.712692266;10.5776954506;56.412007594;0.1370630734;0.9899041638;0.5007261374;3328.143409;6.5396446808;0.0058105116;126;122;100;32.33;1.61619615512284;"Late dry";"SEP";2022
"ID051";"SM";"Brackish";246.04943366;0.367289416;19.75941744;47.256268552;0.0810753656;0.144221941;0.279719794;3110.4607048;5.0175249224;0.001285371;92;90;72;13.05;1.67589586586669;"Late dry";"SEP";2022
"ID052";"SM";"Brackish";277.44875206;0.7544150106;14.3681965724;43.40317484;0.110843842;0.2254146816;0.302625571;3029.058638;2.3511763216;0.0003270454;91;88;74;12.43;1.64947961107845;"Late dry";"SEP";2022
"ID053";"SM";"Brackish";266.6434485;3.1096459814;13.256987996;46.05015058;0.1200829728;0.1552813228;0.226466693;2673.2493698;1.410885557;0.001904013;72;71;58;5.81;1.55660579561043;"Late dry";"SEP";2022
"ID070";"SM";"Brackish";232.9099346;1.9538466644;24.887926788;76.445089056;0.1586690132;0.2706325192;0.417064504;3062.6708146;6.1962615166;0.0013244556;180;175;145;80.87;1.3866598079561;"Early wet";"OCT";2022
"ID072";"SM";"Brackish";210.9939807;3.0909446544;8.0984418238;73.487335066;0.8388772452;0.4441832458;0.2635233644;3166.0241662;10.3418653648;0.2821996054;190;185;150;119.96;1.74894299460563;"Late dry";"AUG";2022
"ID073";"SM";"Brackish";254.36391278;1.8542407118;12.476120972;57.575773246;0.1602755238;0.2100923794;0.3229378718;3038.1918414;10.7515190336;0.0054569522;182;177;145;100.45;1.66623317510891;"Late dry";"AUG";2022
"ID074";"SM";"Brackish";247.1032314;0.400620323;10.1210606204;55.18001969;0.10564768;0.3150179936;0.2587947476;3101.730662;7.4759782926;0.0043630358;178;173;140;98.82;1.75220470687364;"Late dry";"AUG";2022
"ID075";"SM";"Brackish";205.39583862;0.8963676992;27.275017942;1.3075821252;0.121406355;0.4029885768;0.4957581378;3172.498702;7.0072634542;0.0063469356;182;177;145;108.24;1.79545125807655;"Late dry";"AUG";2022
"ID076";"SM";"Brackish";207.5538374;18.2887972826;27.230272816;14.6577050238;3.1500961934;3.6124793986;1.1619584426;3501.0629246;8.9223396116;0.292186394;147;144;118;59.15;1.8620989049977;"Late dry";"AUG";2022
"ID077";"SM";"Brackish";241.10862656;2.297402628;7.3487816074;68.249768844;0.2437954596;0.3965557052;0.3004565374;3043.6095282;5.512903726;0.0032115194;150;145;117;58.66;1.73807407407407;"Late dry";"AUG";2022
"ID078";"SM";"Brackish";267.25477086;28.3398490482;25.435286926;52.017359834;0.077099626;0.2238101446;0.338882636;3282.0287006;6.6864596794;0.0014213068;134;132;107;42.22;1.75470386982441;"Late dry";"AUG";2022
"ID079";"SM";"Brackish";269.47304996;5.0381803366;55.950550576;11.8394036152;0.1663449498;0.2838864656;0.3510572374;3755.70381;14.0813647754;0.0009804596;137;135;110;47.25;1.83755400367044;"Late dry";"AUG";2022
"ID080";"SM";"Brackish";246.408381;80.0536190712;8.4108196352;56.776830824;0.1715792708;1.3146245462;0.4135837266;3115.1298678;8.1460863784;0.0060746202;140;136;113;44.55;1.62354227405248;"Late dry";"AUG";2022
"ID081";"SM";"Brackish";270.69592614;3.371201573;29.191597446;60.769932886;0.1416574622;0.3813462352;0.1329237796;3242.8808882;15.9812781898;0.001801554;143;140;114;45.89;1.56931434744531;"Late dry";"AUG";2022
"ID082";"SM";"Brackish";199.98429706;1.7787185108;11.654380184;65.415703384;0.2229130984;1.4549546264;0.436487497;3189.8621758;8.9422524518;0.0192620086;152;151;120;65.07;1.852891729844;"Late dry";"AUG";2022
"ID083";"SM";"Brackish";208.265774;4.936960138;8.8311364916;141.920655808;0.7351036088;0.199400491;0.4182020646;2637.4991954;3.5097005994;0.0118231324;132;129;105;41.52;1.80524250772185;"Late dry";"AUG";2022
"ID121";"SM";"Brackish";270.19440704;4.7163101914;25.685734322;60.970872568;0.151934358;0.5292852216;0.477682215;3169.0083958;28.860278938;0.0021778122;122;118;97;26.3;1.44835911375842;"Late dry";"AUG";2022
"ID159";"SM";"Brackish";269.78341452;20.486774864;30.272490108;60.476800874;0.2662484022;0.6462321808;0.6628822858;3310.2397798;7.1070133104;0.0075607394;221;211;175;158.08;1.46453618404017;"Early wet";"NOV";2022
"ID160";"SM";"Brackish";216.19330936;3.9633314748;13.3367660768;52.15515273;0.0958012368;0.4182837126;0.295173545;2833.2434412;2.6920315236;0.0174653124;194;188;164;113.54;1.55504764576141;"Early wet";"NOV";2022
"ID161";"SM";"Brackish";237.39545342;1.5754132818;21.85128743;60.714978192;0.2275675614;0.0604399544;0.2273137076;3144.9626638;7.3063376178;0.0008497416;202;194;173;128.24;1.55585600712801;"Early wet";"NOV";2022
"ID162";"SM";"Brackish";249.20961522;1.797379589;21.625159948;56.630874318;0.1105210846;1.6215103442;0.4921853062;2769.9218534;4.4394475602;0.00165082;182;179;147;102.44;1.69924267255507;"Early wet";"NOV";2022
"ID163";"SM";"Brackish";238.85347932;4.6081853894;21.814405828;55.52525646;0.2823540862;0.2358195326;0.3000383952;3021.841164;5.4820746434;0.0015563872;222;214;180;173.01;1.58129276098597;"Early wet";"DEC";2022
"ID164";"SM";"Brackish";244.35653254;49.0811163246;35.22966599;69.775802498;0.2777378222;1.0550040264;0.3426649222;2865.0162844;3.5839747264;0.0066073756;166;158;131;72.52;1.58538057003744;"Early wet";"DEC";2022
"ID165";"SM";"Brackish";236.76501678;12.2489738046;0.7295860564;96.663081356;0.107251955;0.1002002014;0.228774374;3137.6594822;4.4103587638;0.0008647276;162;157;129;61.8;1.45359503689027;"Early wet";"DEC";2022
"ID170";"SM";"Brackish";245.19216324;6.6882615824;46.502844932;18.031654746;0.1835328754;0.4610393718;0.3054997304;3246.4068704;18.371473941;0.001067067;190;184;150;101.8;1.48418136754629;"Late dry";"AUG";2022
"ID173";"SM";"Brackish";265.72031578;12.9700000988;17.554010608;66.009410402;0.259721996;1.7789751338;0.5173779782;3336.4392242;12.5528987612;0.0170169634;197;190;155;115.45;1.51006366857444;"Late dry";"AUG";2022
"ID174";"SM";"Brackish";264.3900742;1.3428024446;12.603302191;72.208615752;0.2006541098;0.1674144368;0.1433706218;3155.2056808;22.115320658;0.0017060032;185;179;143;91.11;1.43896708980712;"Late dry";"AUG";2022
"ID197";"SM";"Brackish";243.8947539;2.2101984772;13.477104176;91.990461126;0.0884305294;0.2478616844;0.163235421;3051.7220428;7.7357834;0.0006662014;196;196;157;127.96;1.6994407092283;"Early wet";"OCT";2022
"ID198";"SM";"Brackish";241.79044142;1.9005873422;18.801415178;70.464069864;0.0817353476;0.196269133;0.2958611634;3109.2640714;4.0072388492;0.009755129;133;130;105;40.13;1.70574551025084;"Early wet";"OCT";2022
"ID199";"SM";"Brackish";218.17810766;5.7429204432;13.329390786;63.991051404;0.3575133458;0.6763060288;0.4287667346;2932.070501;3.045009483;0.0360058288;139;134;110;43.52;1.6204830245839;"Early wet";"OCT";2022
"ID201";"SM";"Brackish";226.9454878;5.2306249926;39.642605186;21.900378602;0.0935667642;0.0867304256;0.267444303;3586.2002314;10.5296510656;0.0003831104;160;157;130;66.69;1.628173828125;"Early wet";"OCT";2022
"ID202";"SM";"Brackish";203.09626624;5.7013059948;12.4746165628;58.495062432;1.492710583;0.8626692388;0.3293957536;3040.1366068;3.9717905956;0.5800556176;149;144;119;52.31;1.581342396754;"Early wet";"OCT";2022
"ID204";"SM";"Brackish";348.36758314;455.253304828;10.1375193686;65.893850394;0.331902501;0.3485408726;0.514513376;3212.9844824;6.5739891002;0.124685014;203;196;160;142.02;1.69770174313875;"Early wet";"OCT";2022
"ID205";"SM";"Brackish";244.80763372;6.4342730594;15.01582572;43.043088496;0.0019628268;0.3619507526;0.67330393;3430.1234026;10.7905636432;0.0104253132;230;121;180;195.02;1.60286019561108;"Early wet";"OCT";2022
"ID209";"SM";"Brackish";240.98368326;1.5427977602;15.638247916;57.252713242;0.093463907;0.1493867904;0.2594904006;3179.5129014;7.1216480202;0.0010270186;190;185;150;112.78;1.64426301210089;"Late dry";"SEP";2022
"ID211";"SM";"Brackish";253.21681198;22.6870661098;27.439295942;49.882032284;0.2445370532;1.7823942776;0.5406794204;3316.0365292;11.8627804916;0.0102745772;160;152;123;57.56;1.4052734375;"Late dry";"SEP";2022
"ID212";"SM";"Brackish";245.55531966;4.7360616102;17.047369016;54.95551391;0.1589361566;0.2863083268;0.6469193754;3038.7449532;7.1446962366;0.0019614496;165;156;125;62.42;1.38954281103041;"Late dry";"SEP";2022
"ID220";"SM";"Brackish";236.4841054;24.112934872;20.555555766;50.884551876;0.1501441268;0.156873903;0.2780227334;3143.1654658;6.6556425162;0.0018456144;189;179;144;122.73;1.81788046069561;"Early wet";"NOV";2022
"ID221";"SM";"Brackish";206.12936636;3.500542043;14.021650296;53.020718696;0.0209858542;0.4938023676;0.3008812082;3179.5256556;4.3196621598;0.1187164182;173;166;137;81.92;1.58216449450598;"Early wet";"NOV";2022
"ID222";"SM";"Brackish";232.35070298;0.5700421746;21.248933148;67.842619838;0.1186372362;0.1520771964;0.238745222;2850.6814466;1.839289296;0.0007327372;104;101;83;17.56;1.56107760582613;"Early wet";"NOV";2022
"ID235";"SM";"Brackish";219.17939584;5.0607642908;15.989584962;48.51589098;0.0767457076;0.4559179852;0.3981754702;2838.7440018;3.9519467416;0.0094590376;186;180;150;113.11;1.75777049245546;"Early wet";"OCT";2022
"ID236";"SM";"Brackish";208.0673461;3.4369284036;2.9072308224;71.023724988;0.105861233;0.196441238;0.2139455782;3107.3839324;4.8338840584;0.00551078;190;185;147;125.1;1.82388103222044;"Early wet";"OCT";2022
"ID247";"SM";"Brackish";229.35665168;1.995136516;25.100733422;67.885492908;0.1788051226;0.1824230242;0.6289407956;3134.3967512;25.880755634;0.0005156092;192;185;150;117.52;1.66038230613426;"Late wet";"JAN";2023
"ID248";"SM";"Brackish";266.82360152;66.27448965;10.7433905738;55.377087054;0.6198057432;0.9409377508;0.5949102012;3379.5196808;52.440831366;0.0602073792;170;163;130;71.74;1.46020761245675;"Late wet";"JAN";2023
"ID249";"SM";"Brackish";264.2666491;8.0209945436;6.6016348712;63.484169222;0.1944478882;0.4258119958;0.5524897598;3128.5637296;50.250803556;0.0025098298;193;185;152;123.13;1.71274201887675;"Late wet";"JAN";2023
"ID251";"SM";"Brackish";258.00629722;2.7308598606;13.41109503;48.976251958;0.2420234012;0.627189048;0.7562612262;3173.1133828;43.497862732;0.001940117;172;165;135;74.81;1.47019287609896;"Late wet";"JAN";2023
"ID253";"SM";"Brackish";252.29467756;21.399790844;21.740626122;51.272633638;0.2989627048;1.6926755244;0.6632110956;3017.6646884;34.548037532;0.006471298;167;160;130;67.94;1.4587340790469;"Late wet";"JAN";2023
"ID254";"SM";"Brackish";279.16731956;31.755638948;35.272921136;53.487431534;0.1393956846;1.1564518136;0.3146430662;3059.0741296;6.1220752228;0.0040627328;172;165;135;71.07;1.39669305847284;"Late wet";"JAN";2023
"ID255";"SM";"Brackish";275.5696227;2.7208741876;30.00326711;10.2378815398;0.1998099984;0.4692102116;0.5833503222;3065.8132262;23.557893764;0.0037263146;162;155;130;60.07;1.41290378423945;"Late wet";"JAN";2023
"ID258";"SM";"Brackish";216.39235034;3.3019689718;4.155720871;60.522883526;0.1732995294;0.9176933796;0.8158776074;3064.3000158;21.080131548;0.0069893328;141;138;115;42.58;1.51896693125515;"Late wet";"JAN";2023
"ID259";"SM";"Brackish";235.48575306;39.6208110958;17.41660614;51.355295618;0.777078968;5.0457308432;1.2318624296;3504.7403952;24.986945304;0.0119464854;129;125;103;30.43;1.41753183623711;"Late wet";"JAN";2023
"ID260";"SM";"Brackish";242.35417482;3.3984550498;18.83074875;43.478409472;0.212693452;0.391331833;0.714900984;3138.3442148;39.794155504;0.0026531518;114;111;100;20.57;1.38841640882755;"Late wet";"JAN";2023
"ID272";"SM";"Brackish";244.86057444;27.653505216;2.7606603248;68.036423696;0.2149153912;0.4828123702;0.296863917;2750.1791714;26.176720402;0.0012810822;199;195;160;134.04;1.7008859351935;"Late wet";"FEB";2023
"ID273";"SM";"Brackish";242.65477828;5.3100128284;34.457368002;NA;0.1501790006;0.3150215644;0.7800333204;3070.0986632;46.713410652;0.0019222454;200;193;160;136.63;1.707875;"Late wet";"FEB";2023
"ID274";"SM";"Brackish";311.8826361;50.40090798;38.556503342;25.7108834;0.2540224872;3.889672907;0.6112418244;3158.4826056;6.1997661912;0.0340458506;205;199;165;134.37;1.55969878556608;"Late wet";"FEB";2023
"ID275";"SM";"Brackish";257.8616405;11.836449821;15.988804472;58.513587062;0.138304062;0.45425987;0.5247736384;2900.2277846;11.8828134628;0.0017822882;200;194;165;125.87;1.573375;"Late wet";"FEB";2023
"ID277";"SM";"Brackish";291.44709418;3.9643222604;11.0535583056;NA;0.0435012174;0.7114386;0.541339321;3262.8526236;6.898611358;0.0059740998;175;173;150;95.32;1.77856559766764;"Late wet";"FEB";2023
"ID278";"SM";"Brackish";231.7103223;0.1564583288;25.953854898;81.592783432;0.1800126024;0.241708049;0.977845631;2873.243119;29.51746451;4.87536e-05;174;169;136;81.01;1.53776824099511;"Late wet";"FEB";2023
"ID279";"SM";"Brackish";281.87719246;6.3825368918;52.385800804;873.5415705342;0.227428525;0.5772589668;0.5194544718;2856.3429736;38.260797782;0.003382573;165;159;130;71.9;1.60057879066144;"Late wet";"FEB";2023
"ID280";"SM";"Brackish";246.82346362;5.9751134704;17.228160552;39.58204269;0.0917591894;0.3717188278;0.4709644054;2965.2511072;14.575162548;0.0095499674;165;163;135;66.95;1.49038595319587;"Late wet";"FEB";2023
"ID281";"SM";"Brackish";205.25076996;2.687273386;13.703673162;54.487432964;0.1247757652;0.3275593556;0.3870072294;3093.1791874;23.321041198;0.005035631;160;157;128;71.34;1.74169921875;"Late wet";"FEB";2023
"ID282";"SM";"Brackish";242.40552346;4.9765188852;10.6916177622;56.743087762;0.1164041974;0.4134153816;0.7540559248;2991.205487;29.102344476;0.0029532886;161;160;120;59.34;1.421902814596;"Late wet";"FEB";2023
"ID283";"SM";"Brackish";234.8113478;28.300871852;46.75275188;NA;0.2499692904;0.557703891;0.648292933;3067.198508;60.34926244;0.005186542;155;150;120;62.84;1.68748951025477;"Late wet";"FEB";2023
"ID284";"SM";"Brackish";248.98782012;1.5296105214;24.64822346;23.849302414;0.1597882468;0.40482844;1.1059479778;3266.1481192;41.61948266;0.001322472;157;153;130;71.77;1.85457324013868;"Late wet";"FEB";2023
"ID285";"SM";"Brackish";199.41197334;4.9202938302;5.3944854356;65.140836858;0.0396316526;0.8212302856;0.7837053306;2561.6859194;18.6639098246;0.0315779498;150;145;117;55.37;1.64059259259259;"Late wet";"FEB";2023
"ID286";"SM";"Brackish";248.0988137;9.424127217;29.851956022;5.610789153;0.1451863146;1.2241113702;0.7376014358;2913.1322302;4.9769565854;0.029859369;140;136;110;42.22;1.53862973760933;"Late wet";"FEB";2023
"ID287";"SM";"Brackish";259.69313136;4.5178176476;14.0212695308;49.116960388;0.1095232172;0.625717045;0.5091999504;2659.0731108;3.809821691;0.0045666858;125;120;97;32.73;1.675776;"Late wet";"FEB";2023
"ID322";"SM";"Brackish";240.78570368;1.1902419514;18.3152926;65.278942114;0.1168122318;0.2033160556;0.942860989;2827.0189636;42.562855806;0.0072374588;226;215;178;187.93;1.62806146246059;"Late wet";"MAR";2023
"ID323";"SM";"Brackish";277.27644236;17.310318504;26.649349134;81.929056984;0.4658632908;1.1921355758;1.1352006628;3322.3295222;72.907697564;0.001990579;197;194;160;151.43;1.98067510898422;"Late wet";"MAR";2023
"ID324";"SM";"Brackish";242.52434816;0.788662668;19.920182214;53.787243528;0.3425188972;0.3183397952;0.8992026048;2862.582212;85.82980057;0.0004852014;190;185;150;122.99;1.79311853039802;"Late wet";"MAR";2023
"ID326";"SM";"Brackish";233.18389824;2.0317789826;24.544659162;61.33332781;0.1361135466;0.3223848792;0.8542973894;2421.9174086;55.219661238;0.0113872974;200;195;157;137.53;1.719125;"Late wet";"MAR";2023
"ID327";"SM";"Brackish";252.92155136;3.8242001756;10.6636021938;52.53595532;0.1556808728;0.431904793;0.7062475052;2733.1428714;24.270594846;0.0013410072;190;186;147;112.58;1.6413471351509;"Late wet";"MAR";2023
"ID328";"SM";"Brackish";255.49762022;12.7217695466;17.493520602;45.98356228;0.3085188878;1.9879968078;0.9950134132;3179.70999;40.281600732;0.0031490374;189;183;148;109.14;1.61658497091436;"Late wet";"MAR";2023
"ID331";"SM";"Brackish";263.18862084;2.8301138672;9.010266833;71.647292848;0.2875350028;0.383654299;0.871269957;2860.5990362;82.51965385;0.002740465;177;172;140;101.88;1.83725372766122;"Late wet";"MAR";2023
"ID333";"SM";"Brackish";238.68017042;0.3630152084;37.315210892;16.6985777398;0.1787138194;0.2319622754;0.722162846;2500.9232454;44.891772532;0.0029327696;212;207;165;148.74;1.56106215197781;"Late wet";"MAR";2023
"ID335";"SM";"Brackish";833.74032738;11.9037657342;5.6211193066;44.669690558;0.2933398338;0.6022177008;0.9324841636;2530.408791;51.43506692;0.001314187;181;177;145;98.22;1.65639612252879;"Late wet";"MAR";2023
"ID336";"SM";"Brackish";244.27757024;2.6601706214;15.4354967174;58.419612066;0.174053715;0.5598136304;0.4249345722;3446.7738294;18.440618364;0.001909825;160;157;127;66.79;1.630615234375;"Late wet";"MAR";2023
"ID374";"SM";"Brackish";266.0254355;4.085487452;13.637272648;44.452493352;0.1149632716;0.1920696846;0.312113704;2837.7533126;6.698945481;0.0026932412;235;230;185;212.5;1.63740211706462;"Early dry";"APR";2023
"ID376";"SM";"Brackish";263.32618606;4.104189661;43.819525682;14.9726067414;0.2167722524;0.247284208;0.2251105508;2943.0975346;9.4345212926;0.0013068908;223;214;173;192.46;1.73550509230883;"Early dry";"APR";2023
"ID378";"SM";"Brackish";274.35584646;2.8582767214;21.44841857;39.046840808;0.1666472688;0.1966700568;0.3486727684;2868.8109272;10.5743525932;0.0014216542;215;198;160;128.54;1.29337039505955;"Early dry";"APR";2023
"ID381";"SM";"Brackish";242.6304061;3.9405773862;40.392918524;8.2898346576;0.2333335888;0.662600999;1.2426945192;2780.5131074;46.255175814;0.0012954158;233;226;186;210.75;1.66609522696723;"Early dry";"APR";2023
"ID382";"SM";"Brackish";247.61052592;6.3923276756;24.64943208;51.709462142;0.2471407848;0.8271457062;0.7786585792;3063.3345952;55.581985858;0.001909642;210;205;167;174.49;1.88413778209697;"Early dry";"APR";2023
"ID383";"SM";"Brackish";248.4010436;12.9764824142;25.751547528;51.2093241;0.3711169286;0.5984555792;0.8984955404;2823.8330582;62.935395808;0.0021504608;198;191;155;147.37;1.89851272648946;"Early dry";"APR";2023
"ID385";"SM";"Brackish";231.39854172;3.3985956756;19.932884054;0;0.0916120438;0.2925074008;1.1353236946;2740.940799;32.274043962;0.002203629;200;195;157;184.81;2.310125;"Early dry";"APR";2023
"ID386";"SM";"Brackish";243.0935222;5.2812370818;16.093161214;52.264776136;0.1999729706;0.2079136668;0.6466247506;3240.4188338;5.2946067048;0.0007606898;230;224;178;204.86;1.68373469220021;"Early dry";"APR";2023
"ID388";"SM";"Brackish";237.37012728;1.9668582992;19.722793242;53.271758544;0.0727272052;0.4205280584;0.3848216798;3044.1668002;10.2389763598;0.0050478028;185;180;147;107.91;1.70430181825361;"Early dry";"APR";2023
"ID390";"SM";"Brackish";263.71910966;2.8254066058;16.8739143698;48.466030182;0.267186642;0.2570285016;0.290938705;2923.7667606;30.399696768;0.0010957714;129;126;103;35.91;1.67280868351214;"Early dry";"APR";2023
"ID480";"SM";"Brackish";265.8829641;4.713007763;26.195745876;67.394520614;0.2167611806;0.5166877646;0.21788265;3462.2126462;26.46213041;0.0112697346;225;218;176;207.01;1.81737174211248;"Early dry";"MAY";2023
"ID481";"SM";"Brackish";254.17178878;1.4940798594;24.208863952;21.615711222;0.0952634816;0.2595479694;0.4309533418;3123.9973862;11.4240973308;0.0025280474;205;198;157;144.96;1.68262213258658;"Early dry";"MAY";2023
"ID482";"SM";"Brackish";213.64642044;3.6662156532;12.6373889462;61.7033306;1.5433998502;0.783468822;0.400812035;3127.899913;22.679340348;0.0568947488;180;176;142;100.04;1.71536351165981;"Early dry";"MAY";2023
"ID487";"SM";"Brackish";267.20851166;4.3350060408;28.417333506;54.108160948;0.2211926974;0.5717646206;0.1952028516;3137.219686;22.4492005536;0.0009354362;160;155;135;72.32;1.765625;"Early dry";"MAY";2023
"ID488";"SM";"Brackish";252.86686356;4.190473642;26.646045184;37.933828418;0.1237338342;0.3292065378;0.3827394002;3198.0918088;31.485922914;0.002883879;137;134;108;46.67;1.81499778521269;"Early dry";"MAY";2023
"ID489";"SM";"Brackish";252.5116726;3.2141617958;42.587814716;15.1701853788;0.209822714;0.2014947276;0.3417637228;3217.4261734;13.7287598774;0.0078124806;130;129;104;39.36;1.79153390987711;"Early dry";"MAY";2023
"ID494";"SM";"Brackish";227.08722832;0.8118567016;28.41776129;65.761286164;0.1496418958;0.1203138322;0.3695326694;3250.2650062;11.7664218546;0.000938702;205;200;162;125.87;1.46103509815586;"Early dry";"MAY";2023
"ID495";"SM";"Brackish";251.88189732;62.720020462;13.258197534;51.723014824;0.5002497954;1.962977605;1.6414877058;2668.4134408;34.402545498;0.0499316742;210;207;169;162.5;1.75467012201706;"Early dry";"MAY";2023
"ID496";"SM";"Brackish";255.1918638;0.925479304;17.794854408;69.891224442;0.2055536198;0.428084262;0.672666714;2576.576818;65.1662326;0.0020453358;205;200;156;129.01;1.49748262503446;"Early dry";"MAY";2023
"ID497";"SM";"Brackish";220.97551594;2.3670370978;13.7667411144;47.614818248;0.3178241524;0.5061497358;0.5088223154;2974.7733462;11.819453428;0.0088537612;185;180;145;110.38;1.74331234082878;"Early dry";"MAY";2023
"ID501";"SM";"Brackish";205.90431818;5.0356838384;26.447431054;10.8043456752;0.4835586016;0.6076396614;0.3652421626;2911.769957;14.4795087608;0.0349784876;194;186;152;109.79;1.50368752006469;"Early dry";"JUN";2023
"ID502";"SM";"Brackish";284.03379334;28.261401886;18.8515977768;52.158185952;1.6814285214;2.5147709188;0.5449425778;3052.0646802;14.6543740044;0.0099625852;185;178;148;98.67;1.55836771760804;"Early dry";"JUN";2023
"ID503";"SM";"Brackish";244.89636502;3.992207622;29.736738782;1.7388632088;0.1715223118;1.0276612606;0.3300600786;3051.7537652;9.2013853552;0.0046299848;184;175;145;99.45;1.59643528601956;"Early dry";"JUN";2023
"ID504";"SM";"Brackish";238.68493428;12.1582382582;6.8336634182;63.308490692;0.5461217382;1.490413886;0.6964686156;2997.9060236;15.2045239168;0.0150287932;184;178;146;87.88;1.4107062135284;"Early dry";"JUN";2023
"ID506";"SM";"Brackish";290.40576086;2.3633281776;4.0232184868;55.363338242;0.1858522606;0.9637802904;0.3576056768;3130.9985144;8.6944768542;0.001261801;181;174;144;89.65;1.51187041727455;"Early dry";"JUN";2023
"ID508";"SM";"Brackish";242.1829712;1.6850378928;23.667657362;59.98029586;0.2631299872;0.4861777644;0.3926000196;3298.938738;39.356898642;0.0014488252;165;158;135;66.77;1.4863789409244;"Early dry";"JUN";2023
"ID509";"SM";"Brackish";269.43224096;9.573307407;5.8189970814;89.097553492;0.2930425598;1.130395035;0.3953055694;2826.376091;37.241237618;0.006129113;200;184;153;112.52;1.4065;"Early dry";"JUN";2023
"ID510";"SM";"Brackish";288.08917126;3.9515840902;27.623057656;65.149766768;0.0745841044;0.7753801262;0.2630731484;3325.550951;18.5204416786;0.0024601088;178;170;140;84.35;1.49563314131543;"Early dry";"JUN";2023
"ID511";"SM";"Brackish";288.74115006;3.1729171318;22.635903734;48.900157258;0.209226737;0.7075036508;0.3284902706;3119.0986102;25.207488464;0.0018212898;159;154;136;64.04;1.59316204104855;"Early dry";"JUN";2023
"ID514";"SM";"Brackish";240.36509376;0.9591020714;42.376514178;33.14174316;0.2342158686;0.1249384422;0.3972277584;3250.6866356;9.9466657326;0.003138252;138;132;119;38.6;1.46875732476127;"Early dry";"JUN";2023
