"ID";"Habitat";"Mg24";"Al27";"Cr52";"Fe57";"Cu65";"Zn66";"Ba138";"Pb208"
"ID315";"Non-upwelling";277.0989987;0.23746312;20.5531279;11.64837442;0.029696193;0.083720155;0.308639087;0
"ID440";"Upwelling";231.9339836;4.415096813;15.86831622;48.06138446;0.86796486;0.457607392;0.907775983;0.005777676
"ID160";"Brackish";227.4491971;3.731604907;21.00527081;50.18307821;0.111481968;0.204963642;3.112902655;0.012783465
"ID346";"Saline";227.2666259;0.376088444;12.50132514;5.828791545;0.006956863;0;2.075817877;0.00039071
"ID461";"Brackish";202.4991616;2.723119762;13.02518395;122.3813445;0.118705652;0.35371073;0.834237935;0.000997987
"ID092";"Saline";207.3104114;10.03086888;9.13315314;55.68331548;0.013531595;0.629374681;0.974992292;0.014659087
"ID110";"Non-upwelling";263.0499619;9.746483217;25.44777938;57.31845567;0.188823055;0.452487863;0.820131419;0.004429386
"ID346";"Saline";217.5433676;1.688187594;12.01804902;8.486696294;0.00043047;0.475866811;1.820805976;0.003205225
"ID305";"Non-upwelling";321.7419232;4.373214403;69.11107947;0;0;0.566612613;1.047377156;0.006083454
"ID470";"Brackish";213.4705773;0;13.85865424;54.54593687;0.257516347;0.2300278;31.01276021;0.003146931
"ID460";"Brackish";231.9454668;11.0672873;12.0481838;1.999103862;0.205646158;0.669410807;59.46053574;0.0080805
"ID309";"Non-upwelling";229.8831052;7.67621429;1.617014859;82.7393955;0.057903986;0.56889811;0.351770426;0.032311555
"ID260";"Brackish";234.9595065;3.963271686;17.68825926;39.52968145;0.07302773;0.365177483;45.71040848;0.001140562
"ID489";"Brackish";273.0000839;2.123415654;41.48614483;20.27245762;0.497986304;0;9.959467697;0.03468592
"ID473";"Brackish";227.6324915;3.258895802;10.71663481;58.01438322;0.058895014;0.121676543;36.92247405;0.003375826
"ID446";"Brackish";335.4683496;5.392640993;9.393993163;82.09632056;0.215901041;2.802958856;71.30502345;0.094511806
"ID262";"Non-upwelling";216.5644208;5.044635174;19.620242;35.19166029;0.079622378;1.017012288;0.63124591;0.004766601
"ID193";"Marine";232.7168634;0.741603628;2.838555627;59.62120434;0.053896405;0.071777561;0.36545606;0.008024188
"ID350";"Saline";215.9357136;1.624806734;10.2599617;106.5720925;0.124533928;0.252039768;0.74978685;0.003458132
"ID385";"Brackish";224.6762235;1.60182828;20.54576669;0;0.058732786;0.292883707;28.42176109;0.001841159
"ID298";"Non-upwelling";238.329689;7.131091945;8.669563735;45.67145983;0.109464834;0.283746079;0.730853971;0.000174058
"ID442";"Upwelling";209.2016365;0.013762288;26.75903074;36.21842444;0.008464378;0.929872126;1.177671698;0.066668339
"ID434";"Upwelling";249.7982947;1.884245927;8.225410381;78.19902981;0.085637061;0.041593002;1.113676426;0.003089593
"ID326";"Brackish";203.8821625;2.275324074;19.75695413;51.41371513;0.013696254;0.165400717;29.66009793;0.002159956
"ID160";"Brackish";219.469167;6.350364071;10.87517572;55.43164781;0.131336;1.383359711;2.448156869;0.013301342
"ID253";"Brackish";235.7204693;4.639984906;22.26930876;54.61727353;0.374672945;0.828257707;33.34885992;0.001309793
"ID300";"Non-upwelling";277.7185588;10.78538247;26.45081954;58.22576421;0.107146545;0.38047936;0.832000299;0.003358739
"ID443";"Upwelling";239.6254542;2.45540079;17.71003084;71.24591707;0.947232034;0.198537227;1.505055542;0.023247271
"ID161";"Brackish";233.3812642;1.195396806;21.60351115;67.62071442;0.23830299;0.157127997;7.118327028;0.001092162
"ID357";"Saline";229.960796;1.843646324;19.99093239;66.59531784;0.20546482;2.633967313;4.725561205;0.010814769
"ID321";"Non-upwelling";215.1819845;5.414192786;5.819831875;84.8787967;0.010732231;0.253703632;0.42099818;0.007036246
"ID355";"Saline";249.0728458;2.069206059;0;73.87570102;0.054041444;0.314749737;1.625054452;0.067418745
"ID104";"Saline";206.3660166;5.03726142;8.323162055;100.1585217;0.248068884;0.69900873;108.8628574;9.88e-05
"ID105";"Saline";222.7418437;4.752795209;8.90944592;74.21834622;0.196903234;0.061781608;0.549149013;0.004044464
"ID069";"Marine";377.0521294;5.971640301;11.20465812;47.91370829;0.158274611;0.106555553;0.492631698;0.007505391
"ID408";"Marine";208.7877531;1.620169746;14.50636523;49.50521456;0.118807672;0.462517284;37.25368368;0.002390576
"ID317";"Non-upwelling";240.5722068;33.35878783;35.1727888;0;0.152878845;5.920253032;0.502416261;0.028121315
"ID317";"Non-upwelling";242.7172296;8.197629243;36.04234655;0;0;0.121699114;0.574299985;0.003769583
"ID442";"Upwelling";226.2080074;2.216220993;27.82693306;33.17896158;0.211778708;0.85377139;1.440110271;0.022194905
"ID321";"Non-upwelling";227.8877834;15.7355819;4.567115521;83.71013055;1.666276712;0.609845854;0.446596597;0.004067326
"ID094";"Saline";198.1395188;0.237968672;20.99609744;52.92046598;0.034249297;0.104670538;0.725578935;9.31e-05
"ID314";"Non-upwelling";312.7136479;4.998729762;33.76473626;47.20903306;0.538271806;6.47976419;0.707911309;0.010793071
"ID099";"Saline";250.969242;7.600107585;13.72816714;34.76441364;0.07976498;0.392311549;1.262115487;0.000814886
"ID260";"Brackish";245.8223442;5.614353884;19.30957851;43.81619981;0.148631112;0.469108833;34.44440894;9.47e-05
"ID278";"Brackish";221.8787545;0.331059049;29.29172785;74.83894025;0.109279848;0.07257852;18.42438872;0
"ID346";"Saline";233.2104599;2.30463266;15.78473159;4.656836852;0.019725892;0.863819223;1.151751557;0.000317376
"ID081";"Brackish";271.5725756;3.655792801;28.10684735;63.51967814;0.083718161;0.281402976;14.57259872;0.000387592
"ID300";"Non-upwelling";228.863744;7.103777696;21.49275268;50.47704049;0.056295243;0.339284045;0.742147375;0.015140722
"ID277";"Brackish";292.9592894;3.269585673;8.209514008;0;0.090849674;1.366627504;7.780353238;0.02064158
"ID186";"Marine";238.5791149;31.21372637;9.787442091;76.83242323;0.089415072;0.246449939;0.580853894;0.025391645
"ID446";"Brackish";247.5944337;2.530276996;9.856945579;75.18083903;0.980198616;0.728913986;59.17272794;0.005722397
"ID224";"Marine";212.2984135;5.873777603;4.300902343;85.50582873;0;0.430582792;2.24672362;0.002233918
"ID102";"Saline";206.8888229;2.233482388;13.68791834;120.0289686;0.082969153;0;0.634193574;0.000107595
"ID442";"Upwelling";246.2538154;5.565378477;29.52062903;28.56693881;0.097264134;1.036358002;1.921136575;0.027895387
"ID186";"Marine";237.5528043;3.225275292;8.320927968;62.47902559;0.106339797;0.188673583;0.546289253;0.000356327
"ID318";"Non-upwelling";239.9969126;13.94061544;19.37873962;30.97586037;0.010120494;0.726905371;0.401132467;0.00582286
"ID053";"Brackish";261.8949472;3.919672913;5.184031684;49.79790702;0.064274057;0.168961014;1.356569303;0.001522671
"ID345";"Saline";198.7703465;2.686001592;5.158494338;67.28804714;0.140657944;0.357640936;0.944937022;0.001695867
"ID194";"Marine";211.8608739;1.936308881;17.98247481;83.34318292;0.111298491;0.307010663;8.046599825;0.073227664
"ID431";"Upwelling";240.7492696;2.174415719;24.9565434;0.76543515;0.011205196;0.003111184;0.860346422;0.000415181
"ID302";"Non-upwelling";253.5711055;3.686673062;21.50716204;53.42812735;0.149833206;0.45647091;0.502524882;0.002561049
"ID297";"Non-upwelling";216.2177001;1.506839118;11.99948325;42.01541441;0.056689012;0.081289047;0.373427526;0.00087312
"ID399";"Brackish";244.3014974;1.711879632;20.81184662;76.18102385;0.19563711;0.487275866;53.2180107;0.06873537
"ID312";"Non-upwelling";212.1954887;1.339648973;36.86341307;137.1338096;0.013407517;0.897717976;0.36197084;0.015678432
"ID391";"Upwelling";250.4238916;3.772399023;46.79396814;0;0.235169721;0.252158294;1.01386491;0.001268994
"ID194";"Marine";244.8579726;11.98876856;14.3725725;83.55813301;0.015813555;0.925238388;6.891002343;0.078458602
"ID403";"Upwelling";245.8609327;4.167914926;33.41107112;107.6585666;0.505098945;0.4086819;0.425031265;0.003203502
"ID345";"Saline";209.7024152;3.208296386;9.25454333;71.26017802;0.115419562;0.404376862;1.129867873;0.007394803
"ID447";"Brackish";241.5431333;1.555728563;9.558853311;102.4273505;0;0.179256613;1.366666905;6.19e-05
"ID341";"Saline";187.189033;4.088353954;0;132.3184101;0.17136466;2.578439496;5.219599646;0.003052925
"ID292";"Non-upwelling";214.8166178;6.467869861;13.18144305;76.45930572;0.085218333;0.204249894;0.508554079;0.018499724
"ID489";"Brackish";255.0952392;0.407458595;42.86416759;21.3057204;0.132988158;0.057361758;11.6010019;0
"ID262";"Non-upwelling";226.9132842;3.931660919;16.71220335;47.64882978;0.066797812;1.031279285;0.599840402;0.025027852
"ID173";"Brackish";263.4952823;7.797118023;18.1808355;63.67798069;0.55421191;1.595254599;9.711609227;0.024279508
"ID048";"Brackish";276.6857917;1.067059576;3.139575532;34.66807357;0.005100441;0.195689331;4.045933327;0.00165266
"ID430";"Upwelling";271.6609255;1.452386021;55.6778706;121.7777593;0.170632398;0.098004866;1.02460231;0.001429665
"ID309";"Non-upwelling";222.708383;9.978043418;3.356704025;91.73923339;0.071193114;1.227019047;0.319129756;0.012409311
"ID192";"Marine";224.5548146;4.832035048;32.05374743;367.0311372;0.308598117;0.11719651;0.600561399;0.167351649
"ID267";"Non-upwelling";261.9346872;2.556824982;10.82264862;63.46081684;0.073458493;0.419623395;0.401903223;0.001701654
"ID408";"Marine";200.0411535;2.927235427;24.33762797;52.15517016;0.188922025;0.7888423;48.2829431;0.003013414
"ID355";"Saline";211.7874042;6.670255694;0;75.6538072;0;0.169756456;1.159702072;0.032921694
"ID111";"Non-upwelling";263.6571539;5.068670259;21.9733423;25.32269071;0.058219349;0.312347561;0.383785267;0.000460621
"ID408";"Marine";206.7202448;6.940592851;21.39975271;51.6008037;0.137637461;0.517209097;43.44567255;0.04009398
"ID454";"Brackish";239.720577;10.49692045;26.71019956;5.911900118;0.439990246;1.578514314;61.76145146;0.008522059
"ID253";"Brackish";261.2267894;1.554411308;23.01586044;54.88495899;0.0685762;1.072933521;27.78738899;0.001044062
"ID344";"Saline";262.9861749;4.201281895;22.77557594;68.07254895;0.095249279;0.33522083;0.58461901;0.001203757
"ID069";"Marine";369.9799265;7.982258127;10.68914497;56.9700068;0.213523625;0.403970236;0.688825706;0.002592749
"ID296";"Non-upwelling";226.4589058;6.345791097;14.71653179;62.17264902;0.124608937;0.187625392;0.589666591;0.003906876
"ID188";"Marine";213.7505023;0.675993935;6.94561392;64.02943242;0.016495848;0.176290601;0.624601824;0.006129209
"ID098";"Saline";196.5356994;0;9.732592339;132.8644691;0.073646438;0.41705251;1.871890101;0.06680497
"ID092";"Saline";241.3772264;7.71773294;12.00024468;56.14083022;0.143693316;0.381414701;0.990288307;0.005988477
"ID304";"Non-upwelling";267.2765411;4.980088696;1.478440232;81.01989497;0.01759716;0.79375002;1.04406616;0.009937021
"ID298";"Non-upwelling";243.7541231;3.307248376;10.03183908;46.91061902;0.03269348;0.312134104;0.73836113;0.002394805
"ID143";"Non-upwelling";229.2869521;1.288885127;39.13126254;42.95129444;0;0.546089399;0.54385344;0.003824033
"ID235";"Brackish";217.2577338;5.770069985;16.47808927;52.86317195;0.134098115;0.661230542;4.647537157;0.02100421
"ID339";"Saline";229.2620733;0.741642969;14.29426416;98.31612188;0.079356599;0.088668536;1.407236341;0.001880655
"ID340";"Saline";193.3892595;0.189831362;5.024872272;50.97266055;0;0.060339575;0.867308927;0.002955345
"ID302";"Non-upwelling";250.1542825;9.488796182;26.38852353;69.3944621;0.549807759;0.587177367;0.544453791;0.009262323
"ID102";"Saline";199.9886116;0.156259913;15.49520962;120.1592373;0;0.187299472;0.606943138;0.036216981
"ID311";"Non-upwelling";258.1529518;0;17.1209966;21.59700351;1.607694562;3.905140483;0.339491384;0
"ID105";"Saline";219.5913057;2.635363025;2.818972002;77.30701105;0.077419347;0.406477402;0.758357479;0.007252452
"ID266";"Non-upwelling";246.5703317;0;27.87758434;60.11928896;0.125184838;0.253432085;1.417649019;0.001886682
"ID432";"Upwelling";262.6877798;10.58539705;67.08897682;5115.655909;0.034553442;1.021326169;1.099838571;0.001492088
"ID396";"Upwelling";233.2642368;4.076689353;16.55921759;51.70397726;0.138175906;0.089621164;0.578764445;0.005589286
"ID342";"Saline";221.3204999;6.298660222;10.60091905;80.20802606;0.054135472;0.417138386;1.651996071;0
"ID327";"Brackish";289.2728483;10.47829073;13.46250259;50.5623241;0.198722669;0.635741262;19.32580223;0.001415502
"ID192";"Marine";235.6166074;2.885947829;30.20702393;384.4846614;0.088177461;0.114221792;0.470288138;0.174779601
"ID355";"Saline";214.761285;0.307745711;0;71.05212984;0.064391734;0.125468922;1.168560127;0.026606597
"ID462";"Brackish";239.984938;5.714466979;8.102020016;75.57587072;0.093020023;0.859622198;58.85516057;0.000611369
"ID428";"Upwelling";274.2391786;4.966851154;29.94591152;34.06840024;0;0.158073612;0.614184412;0.000256444
"ID173";"Brackish";234.3425342;13.67164316;18.35022777;67.30457526;0.136135075;2.84468422;18.64326222;0.016136875
"ID312";"Non-upwelling";217.4338038;1.29897547;42.55974916;130.3102312;0.107788504;0.450875144;0.425185132;0.007933612
"ID112";"Non-upwelling";279.9328582;0.034519009;49.41642573;5.459201333;0.054840319;0.037468079;0.56593819;0.000300041
"ID095";"Saline";221.13405;3.007788735;4.693745958;49.33435351;0.055601424;0.412280053;0.700219673;0.000208347
"ID304";"Non-upwelling";262.188724;2.987555479;8.446802951;103.5342088;0.225866328;0.490421969;0.868579425;0.002371999
"ID358";"Saline";213.8369295;0.977763928;9.809568179;122.9149756;0.205080492;0.278292418;3.023311551;0.001794776
"ID262";"Non-upwelling";234.0127913;1.5419292;13.14651507;43.75974028;0.065270446;1.723014516;0.542819407;0.002689339
"ID356";"Saline";220.5737233;8.758644778;9.084108177;62.92011621;0.054003435;0.449866495;1.013467386;0.002072499
"ID511";"Brackish";288.4636241;7.093117991;19.49755762;44.52920056;0.371243672;0.773126704;32.28841968;0.001647201
"ID429";"Upwelling";245.5480241;8.372251447;18.9583687;51.56857639;0.086783079;0.702530571;3.481751658;0.00697414
"ID053";"Brackish";269.2902798;1.009147101;9.206944976;47.06277549;0.155669831;0.037380982;1.250629425;0.00140733
"ID079";"Brackish";264.9152669;3.434751791;49.14354172;20.28855447;0.176923272;0.302261587;8.429831707;0.001052406
"ID356";"Saline";228.067848;6.24625227;5.253688566;65.50130916;0.27420733;0.818538142;0.848005068;0.000125188
"ID110";"Non-upwelling";425.9946782;3.232324799;29.80917625;50.95556883;0.002753182;0.196080038;0.731454103;0.000540585
"ID444";"Brackish";250.1840282;5.14324869;28.78828831;10.79059749;0.254321977;0.606463628;89.14350155;0.010292018
"ID472";"Brackish";209.2190917;7.283898535;13.81061888;101.0233942;0.122707615;0.670512771;26.26377872;0.003882491
"ID393";"Upwelling";286.5228099;1.203528982;22.52425269;14.14088779;0.10681336;1.168577536;0.813523185;0.00055693
"ID449";"Brackish";231.4183403;0.523351894;12.81655862;82.68528822;0.001720258;0.612884524;45.58601598;0.003795764
"ID394";"Upwelling";283.2833726;1.386051074;26.1164293;24.12438795;0.104058149;0.111702321;0.451528822;0.000112907
"ID399";"Brackish";252.6412703;3.054363938;15.92381642;63.2439303;0.46005031;0.237779176;79.18509814;0.060844563
"ID349";"Saline";261.1942719;4.146918822;5.065540455;75.49752335;0.063806997;0.062845088;0.499478068;4.24e-05
"ID144";"Non-upwelling";223.9392101;2.939222847;18.62202158;57.20229744;0.13965455;0.227383259;0.623029739;6.91e-06
"ID281";"Brackish";214.7466897;1.337115771;11.23044292;49.14378846;0.125413337;0.586201522;30.17033438;0.025178155
"ID410";"Marine";188.4628391;0.386271586;24.07347989;45.56644237;0.04931919;0.742350412;2.718120431;5.98e-06
"ID278";"Brackish";231.5324314;0;25.94969384;95.76727983;0.238799967;0.349154284;37.17091187;0.000243768
"ID320";"Non-upwelling";268.8544745;4.190896511;12.45837522;89.83696619;0.225328609;0.252492026;0.832183621;0.046522613
"ID101";"Saline";210.2484803;1.694565881;31.53262804;0;0.084120946;0.272359178;1.76777855;0.003889037
"ID312";"Non-upwelling";200.3229302;1.743893658;41.16137527;135.4658238;0.01632822;0.364666175;0.391893399;0.005090021
"ID277";"Brackish";292.8534511;4.746278702;10.01618708;0;0;0.446403137;6.388041321;0.001086129
"ID204";"Brackish";195.2525688;1.235981304;8.689102182;68.74125892;0.131649002;0.159722987;5.053489311;0.000500713
"ID193";"Marine";221.5913615;0.607758111;1.061086575;59.42361157;0.111436838;0.292685334;0.454800208;0.046206323
"ID454";"Brackish";219.1791483;11.22390398;19.46450292;5.650347287;0.318943604;1.754286161;55.45881822;0.008285296
"ID076";"Brackish";209.5344643;32.28112052;22.66974356;24.52425438;10.4993156;3.674791148;9.850402814;0.282280712
"ID472";"Brackish";214.8243116;21.76501375;17.46887687;79.47957442;0.250828859;1.497985673;43.00458012;0.003677672
"ID429";"Upwelling";239.2983434;9.113495732;11.5774912;55.70275799;0.178862013;0.285256838;2.656881156;0.036838215
"ID319";"Non-upwelling";277.7080037;1.455374614;58.64788678;2016.772428;0.111702662;0;0.311857554;0.001047798
"ID470";"Brackish";216.1926413;0.079736128;13.08682175;59.11610825;0.239389577;0.200316942;48.43736881;0.00546342
"ID292";"Non-upwelling";238.8247388;3.873853881;16.22498513;71.67869555;0.07466697;0.288811492;0.45179964;0.029762313
"ID391";"Upwelling";244.6021525;4.893227807;49.26538407;0;0.259383386;0.090881858;1.182041461;0.007757699
"ID260";"Brackish";249.2262678;2.090945854;16.19918093;44.91958154;0.170197428;0.282425721;37.50843237;0.000374059
"ID337";"Saline";214.6697802;0.116715369;9.894547004;49.12618024;0.099710928;0.368343017;1.331131872;0.007993422
"ID110";"Non-upwelling";238.0231281;5.09138138;28.96316593;71.21476245;0.006327776;0.38878933;0.764336875;0.137762514
"ID268";"Non-upwelling";217.8276223;0;11.12804029;28.73417522;0.014891619;0.013768898;1.193744366;0.000713817
"ID300";"Non-upwelling";234.2942831;8.983902495;27.4646204;49.1108324;0.050508742;0.353340716;0.587535421;0.003559327
"ID316";"Non-upwelling";228.8917883;8.865399445;13.57979362;57.84143833;0.081880581;0.127273792;0.405614849;0.013308799
"ID388";"Brackish";229.278124;3.129128344;18.20670592;53.52682508;0.053101285;0.477613417;6.853975105;0.001300321
"ID094";"Saline";251.2493981;3.972835866;12.60544732;69.39456281;0.032012461;0.117424944;0.96377995;0.000576006
"ID164";"Brackish";243.1034364;0.644943199;37.54478531;82.510816;0.161303673;0.191234992;3.832778073;0.000630493
"ID354";"Saline";241.5824691;1.418497105;8.888655738;10.79157915;0.052619238;0.111862499;0.751087816;2.1e-05
"ID317";"Non-upwelling";243.5367104;2.745257311;34.36932176;0;0.032151537;0.301572932;0.515153087;0.004383146
"ID337";"Saline";220.9094106;0;11.99110575;48.30708787;0.089908991;1.443011642;1.469394767;0.017105676
"ID267";"Non-upwelling";226.8701685;1.712554227;11.78263588;60.28839315;0.232745573;0.223294047;1.310970694;0.000138713
"ID439";"Upwelling";229.650244;10.91437961;17.24860271;49.50800837;0.037988595;0.233018372;0.525730844;0.000371017
"ID348";"Saline";235.0606853;2.486201594;9.812860983;79.19729597;0.049531323;0.188742867;2.741869466;0.042393519
"ID449";"Brackish";286.1602421;29.08621375;5.921614113;62.50574775;0.201194187;1.398637467;55.76156794;0.003421888
"ID324";"Brackish";235.7564177;1.308231845;20.42533868;48.96080599;0.313490537;0.460407633;67.97774133;3.01e-05
"ID346";"Saline";226.8922272;2.309469414;12.51299366;4.972265163;0.026252284;0.66703429;1.057509218;0.001156098
"ID096";"Saline";248.0517042;3.071726596;13.01821048;101.0562809;0.207135763;2.851007666;52.90100023;0.008736497
"ID348";"Saline";214.2681753;6.173527569;9.408877879;66.19851114;0.016511229;0.245251626;1.761961848;0.041554355
"ID403";"Upwelling";251.8195192;11.72930257;33.07250089;112.4381973;0.019088926;0.357265541;0.53056842;0.009592011
"ID308";"Non-upwelling";259.1283343;1.257020479;19.98155087;39.65228675;0.053115898;0.467322364;2.444552741;0.000816178
"ID395";"Upwelling";296.2871136;5.438747513;35.29300751;13.9485241;0.036192374;1.109230261;7.102757337;0.003091521
"ID069";"Marine";390.7031579;4.020827487;11.03855645;41.30037104;0.37511883;0.45911233;0.973464962;0.020228588
"ID393";"Upwelling";273.0467871;2.864590995;19.43712415;32.07398655;0.026498818;0.304557117;0.887257908;0.00585557
"ID263";"Non-upwelling";253.2435917;0;29.48330227;53.36191096;0;0.060688331;0.611794819;0
"ID413";"Marine";364.6721049;6.004858316;27.90805306;3.957485273;0;0;0.391819907;0
"ID295";"Non-upwelling";247.344422;0.172703951;21.38112178;39.11939806;0.107419961;0.065500086;0.314627197;5.39e-05
"ID079";"Brackish";271.7162659;14.70421562;56.38230389;9.833646709;0.150968968;0.270112557;13.7563719;0.000542075
"ID075";"Brackish";201.4802324;0.500267457;28.5213398;0.052254132;0.077299612;0.176650133;4.972476166;0.007611824
"ID443";"Upwelling";224.3311308;2.715208006;14.68236239;61.26254034;0.932802339;0.377854205;2.253691453;0.11046348
"ID445";"Brackish";231.2359348;1.481903137;32.10945276;0;0.051313395;0.143815715;22.54647399;0.002939307
"ID164";"Brackish";307.3641093;239.3980277;43.87348274;69.20514102;0.632788627;4.814409574;4.416894035;0.030468697
"ID097";"Saline";229.0324571;2.068531211;14.39128642;57.76526841;0.037986497;0.238452601;0.872586547;0.000147158
"ID394";"Upwelling";250.9793565;2.707146377;23.83582276;34.27541014;0.150552065;0.045434426;0.561414492;0.001007157
"ID273";"Brackish";213.8366857;5.361154277;32.53258001;0;0.13000269;0.364085593;32.39311325;0.002339804
"ID351";"Saline";200.7848041;19.62790388;3.181828656;62.25219559;0.053692004;0.325201401;3.344728437;0.000706118
"ID193";"Marine";241.3501804;1.847485746;2.177608948;68.02849636;0.044764783;0.555382664;0.48338938;0.011222899
"ID353";"Saline";219.7880931;1.15417528;9.552086128;54.61560495;0.03976543;0.055468542;0.744990544;0.002224854
"ID302";"Non-upwelling";260.2996102;4.079108816;28.94442011;49.5425599;0.20007381;0.580448606;0.647704418;0.005690787
"ID277";"Brackish";296.5094575;3.120433036;14.91100605;0;0;0.886768746;6.288205857;0.002040743
"ID425";"Marine";465.1893813;4.685577664;16.21347663;60.9946351;0.253513685;0.636989472;0.929324478;0.001866794
"ID337";"Saline";200.3507886;2.948155137;7.506763062;51.66895892;0.14182749;0.202932852;0.987884676;0.000820446
"ID428";"Upwelling";263.443437;0.570810394;22.32020289;31.06353435;0;0.122464712;0.453841771;0
"ID437";"Upwelling";270.4482094;0.279904322;4.719928843;54.55386336;0.113047811;0.331191171;0.537664473;0.000875602
"ID095";"Saline";236.079318;5.6670797;4.344732158;54.06410996;0.012416992;0.665887926;0.742290697;0.011559169
"ID098";"Saline";202.6891004;0;13.49288395;125.3815643;0.058291291;0;3.004403448;0.003834542
"ID111";"Non-upwelling";285.0407686;182.0313652;23.64830997;26.20249878;0.152147283;0.286907065;0.412137411;0.000673917
"ID309";"Non-upwelling";233.2101395;14.10325706;4.690892553;95.49680492;0.054612056;0.566565552;0.361248539;0.003858247
"ID410";"Marine";195.5265495;1.240838222;22.8956203;42.46016835;0.047662739;0.082083954;2.695581589;0.000149424
"ID463";"Brackish";220.2055823;2.096545359;15.64535652;67.49190333;0.233032363;0.443353136;43.60214276;0.059783263
"ID143";"Non-upwelling";226.8990126;2.976336846;37.58269953;41.59747901;0.146367153;0.627715445;0.490616454;0.005421462
"ID075";"Brackish";198.9311071;0.813362711;28.62440813;1.182660759;0.174810947;0.535969221;11.08425774;0.011185658
"ID097";"Saline";212.7189783;1.462937144;10.17465596;69.86901698;0.06644122;0.401040181;0.946560296;0.006851205
"ID342";"Saline";219.0302649;3.938661067;15.72822104;70.80025879;0.061808947;0.506799385;1.997468913;0
"ID048";"Brackish";270.9976321;0.829458437;26.62432388;34.62298978;0.173594332;1.53581476;11.0795846;0.003814678
"ID488";"Brackish";265.7490588;3.12164108;27.3753445;37.02762971;0.110152082;0.320830487;22.91414499;0.003034611
"ID381";"Brackish";248.6374281;6.032066098;26.04568742;1.665328837;0.222939297;0.567650019;48.9377674;0.001591511
"ID381";"Brackish";233.1715579;3.103269297;40.06980345;6.288277905;0.163202367;0.755259486;27.53609022;0.000436631
"ID327";"Brackish";249.1664209;3.012448833;11.54929958;53.53231508;0.088378569;0.501596644;19.65901838;0.004588882
"ID438";"Upwelling";271.7454615;0.757647657;5.692767791;119.951216;0.210797899;0.248372501;1.053913824;0.005167865
"ID327";"Brackish";251.8477461;3.093103761;11.74604604;47.42362663;0.126765121;0.277124142;20.71197346;0.00027042
"ID341";"Saline";189.2881163;11.22539899;0;117.8205067;0.168424167;0.133193752;2.697832908;0.001633062
"ID308";"Non-upwelling";261.9338542;5.981826423;21.22802896;48.33827834;0.469985136;0.506816001;2.550392749;0.001420945
"ID305";"Non-upwelling";317.4311031;4.921863955;65.08236473;0;0.181565524;0.676933539;1.10901561;0.010433696
"ID307";"Non-upwelling";238.884511;0;33.95118641;12.72988306;1.029697606;0.13267041;0.454168173;0.000117884
"ID454";"Brackish";226.3206756;10.21101877;8.223476186;5.388794455;0.252810218;0.647199525;43.9358266;0.295755918
"ID359";"Saline";355.7995781;14.08849275;14.22135622;66.31718625;0.144594807;3.146123454;0.422663879;0.000969607
"ID399";"Brackish";248.4077893;1.398852249;13.22363313;63.17655196;0.374180326;0.431002229;64.38264209;0.06671883
"ID304";"Non-upwelling";260.9665002;3.990277613;16.46703591;103.0849307;0.257618127;1.235005308;0.908464956;0.006007213
"ID443";"Upwelling";260.9835232;21.46902725;14.83025848;63.51184938;0.541333549;0.057039322;1.433466584;0.058550473
"ID351";"Saline";215.8606067;12.82961675;1.617200844;61.91152674;0.41825893;0.562143377;2.746284636;0.001634288
"ID105";"Saline";223.7849737;0.537970221;6.373904147;76.8674211;0.142261357;0.418893726;0.744752293;0.000893166
"ID358";"Saline";205.0836025;1.606963008;12.65652911;113.5268261;0.089435451;0.068209834;1.812751892;0.003627522
"ID326";"Brackish";233.0546522;3.396755674;24.41816778;64.49153637;0.215771779;0.345023064;69.92007712;0.006254264
"ID319";"Non-upwelling";267.6406289;1.461108127;54.3004699;2052.079622;0.178335824;0.009692822;0.260260876;0.000864736
"ID442";"Upwelling";218.4840313;0.998754592;29.78709335;40.57730673;0.12284838;0.3380942;1.276747486;0.109363679
"ID396";"Upwelling";232.6651915;7.074099695;16.28033269;57.81094086;0.010787991;0.554267567;0.537903514;0.005929039
"ID314";"Non-upwelling";290.0903956;10.36434785;23.48484348;51.60109235;0.205039336;1.350276051;0.825412456;0.000296275
"ID315";"Non-upwelling";259.1229744;0.587586186;29.6277871;20.25777276;0.26737318;1.646781152;0.354681336;0.000718458
"ID069";"Marine";424.5516419;4.117610337;13.96584793;56.99889075;0.554711319;0.560650547;1.253458848;0.000497397
"ID292";"Non-upwelling";218.367269;24.5375814;14.87234797;60.32083641;0.132117655;0.184945778;0.485471471;0.000327463
"ID241";"Non-upwelling";253.749355;5.587741297;22.69043108;35.77042775;0.337272699;1.717891702;2.001287481;0.145302032
"ID460";"Brackish";243.7705635;5.615150826;25.75511829;26.97858517;0.233433355;0.676793903;67.54159062;0.004102699
"ID112";"Non-upwelling";261.0140423;0.177559112;55.88395906;11.15250664;0.055184689;0.13862228;0.508701818;0.000313855
"ID267";"Non-upwelling";236.952662;0.368749124;9.769323671;66.10324839;0;0.090189632;1.145418593;0.002058834
"ID428";"Upwelling";270.1376622;1.534206727;20.70735266;31.14112924;0.037046342;0.111201628;0.484403201;0
"ID405";"Marine";209.3943182;0.867490667;25.79087221;98.12353693;0.036762958;0.514974119;1.763944637;0.001467807
"ID352";"Saline";218.5469781;6.743740691;0;83.30378948;0.133384463;0.575894254;1.737351438;0.054159244
"ID429";"Upwelling";258.4482749;17.50025637;18.56276218;52.40162006;0.062514021;0.324317287;2.947483872;0.018807266
"ID435";"Upwelling";241.885342;1.660148413;16.57720889;40.71927522;0.027812825;0.338756488;0.553751162;0.004209386
"ID224";"Marine";205.6483425;6.895107832;0.486072666;113.1268389;0.084949738;0.711473731;2.059676455;0.003089165
"ID511";"Brackish";283.1243222;2.052804686;16.71328505;44.45078452;0.127446669;0.877468112;25.61870109;0.00153676
"ID106";"Saline";224.016514;0.625515355;10.27903818;54.84926347;0.032081396;0.387858073;0.931757786;0.002228402
"ID447";"Brackish";190.8246894;0;13.4081569;64.64252149;0.031208242;0.367395234;1.618818896;0.005430342
"ID344";"Saline";268.0428294;0.578158436;7.927270982;72.32615818;0.135724932;0.386551181;0.975756846;0.000460795
"ID094";"Saline";245.4776524;4.038461599;6.302043779;62.01621274;0.028633068;7.99e-06;0.775664426;0.002918137
"ID278";"Brackish";235.6085965;0.451232595;24.32345908;76.6393117;0.076924726;0.229616588;15.69493725;0
"ID307";"Non-upwelling";268.2789454;0;33.18694073;4.511919965;1.015473882;0.066631247;0.404900497;0.134629249
"ID193";"Marine";217.0750858;0.780657921;1.800957125;60.03938178;0.117485937;0.499174892;0.419463606;0.009860586
"ID294";"Non-upwelling";263.5903203;11.13235638;37.43004126;47.10134657;0.226397453;0.44918691;0.634883369;0.003587614
"ID076";"Brackish";207.5142215;10.61652341;24.81619103;19.39336842;2.991429832;0.628949252;6.720257518;0.302092076
"ID296";"Non-upwelling";207.580231;2.21500613;10.62340484;63.12780929;0.067134241;0.49496619;0.573519884;0.002833343
"ID405";"Marine";203.9058975;3.203865508;19.32569541;93.03562598;0.099600117;0.231794044;1.778782444;0.004505236
"ID159";"Brackish";267.3005519;26.82979328;28.53084996;52.69515366;0.444617396;0.316506553;6.23149322;0.003880143
"ID101";"Saline";210.5035114;2.775295728;34.71651919;0;0.239483175;0.063041367;1.571795558;0.000401169
"ID263";"Non-upwelling";281.133371;0;18.72188013;44.639093;0.1508909;0.075584286;0.602782755;0.001864917
"ID320";"Non-upwelling";261.1928775;2.980126852;23.63548067;87.26854217;0.250138089;0.137947667;0.712942466;0.002760758
"ID359";"Saline";400.0656864;3.708682772;25.03943965;62.7658067;0.18905419;0.861043412;0.406582972;0.003612023
"ID352";"Saline";215.9092355;6.56973697;0;90.20518266;0.063468346;0.345710649;1.777912776;0.000405198
"ID337";"Saline";213.6923937;0;6.54753433;48.13623795;0.040175116;0.142030001;1.091635602;0.055853503
"ID393";"Upwelling";257.8842312;3.260263969;17.0156468;23.36614271;0.092431058;0.282119055;0.88859318;0.005992258
"ID440";"Upwelling";247.5574242;5.681577548;8.594388644;50.78616538;0.273467427;0.339071135;0.941220091;0.001667302
"ID359";"Saline";568.0330171;2.318898916;15.35959443;68.063361;0.198025753;0.004323924;0.410344246;0.001610082
"ID161";"Brackish";235.3550572;1.553692793;22.60665435;64.41262942;0.276815486;0;6.955833513;0.000725487
"ID173";"Brackish";264.2841664;6.351217131;20.05817822;60.0423274;0.114913031;1.100314956;9.616094887;0.008707593
"ID392";"Upwelling";239.9459106;0.658971278;11.64596427;19.51995757;0.042117101;4.626755044;1.428122931;0.001857821
"ID164";"Brackish";219.0268529;2.299482199;29.3183821;57.12554211;0.221051373;0.032532696;2.721396935;8.32e-05
"ID338";"Saline";204.0954432;2.361894897;0;275.9057983;0.139314161;0.876559583;1.016495733;0.003970388
"ID446";"Brackish";218.861633;0.848077592;12.7684142;89.94852511;0.403316533;0.932678314;62.34867412;0.008872034
"ID048";"Brackish";263.0889027;2.203937205;4.501325362;31.18047593;0.056328411;0.379506604;9.057288248;0.0044904
"ID273";"Brackish";211.2647252;8.881978384;31.55382615;0;0.113630101;0.428293612;46.50898063;0.002252189
"ID388";"Brackish";252.3381971;1.092924315;21.27460388;47.18162436;0.022198936;0.528932612;12.99865698;0.00089795
"ID295";"Non-upwelling";265.1966448;0.867591466;25.5951668;34.68726098;0;0.181174688;0.289238735;0.000160121
"ID395";"Upwelling";234.8599071;3.74986691;33.52564218;15.89069087;0.061287097;0.283575328;4.89745379;0.000818935
"ID235";"Brackish";211.2080499;3.866904474;16.78060202;44.38885235;0.125350135;0.465201455;3.264372692;0.001559518
"ID340";"Saline";205.790517;5.373380836;7.416212333;56.02477065;0.007038868;0.225688656;0.656166955;0.001756215
"ID461";"Brackish";197.0919908;1.563474527;17.02277454;112.672305;0.109063957;1.47193903;0.772870566;0.000568311
"ID313";"Non-upwelling";209.9810071;2.360336059;13.73102238;50.81435155;0.027033823;0.155628009;0.34410609;0
"ID416";"Marine";228.1389651;9.869750751;3.564786157;53.68228945;0.015289372;0.095345543;0.261815328;0.003697476
"ID348";"Saline";229.5094215;3.713287925;12.03289026;70.65189126;0.022658201;0.327505385;1.42007676;0.039837884
"ID297";"Non-upwelling";217.569343;0.737146783;8.489560782;46.69233007;0.074331715;0.043950336;0.405528224;0.004062072
"ID433";"Upwelling";275.899155;31.58783448;19.45338777;31.71192049;0.023553983;2.524088662;0.610675192;0.023425204
"ID320";"Non-upwelling";266.1469375;2.185461865;25.08736903;100.7840134;0.139580336;0.410657899;0.884607099;0.001280794
"ID432";"Upwelling";274.0584325;5.306779624;77.63939369;5423.507023;0.139559437;0.435383139;1.219141534;0.00467272
"ID241";"Non-upwelling";252.5830307;5.67205568;19.56279128;48.28710812;0.062617093;8.083469101;1.700155358;0.099966544
"ID432";"Upwelling";273.4523561;7.336878307;67.86750161;5523.105913;0.04057793;0.572937889;1.09765829;0.004286613
"ID416";"Marine";232.4405521;0.1755009;7.380969831;62.05576242;0.095101114;0.081356861;0.344898214;0.00066425
"ID385";"Brackish";224.4423371;5.120893076;19.56562207;0;0.075075977;0.261732789;23.09748265;0.005680817
"ID354";"Saline";200.3530019;2.696479716;8.621164602;9.749923319;0.191741801;0.472563584;0.538039634;0.001926512
"ID461";"Brackish";208.8084258;6.817532387;13.09061249;114.9903068;0.251198363;0.908915104;0.777856863;0.00676096
"ID338";"Saline";193.8972404;1.678385081;0;326.4644348;0.252359619;1.261952314;0.948341833;0.004227578
"ID511";"Brackish";283.2074005;4.287156935;27.16067215;50.45705283;0.235953341;1.242033325;31.46344803;0.00447714
"ID143";"Non-upwelling";231.558463;5.362607668;36.78421482;41.1594799;0.0048159;0.533749529;0.587840075;0.001244794
"ID018";"Brackish";296.9971948;0.505729274;25.9212294;47.64055148;0.041559136;0.065239552;26.74802163;0.001306439
"ID461";"Brackish";216.9780349;1.517082782;13.82950014;106.7487403;0.171655163;0.353984307;0.668866408;0.003705392
"ID465";"Brackish";194.7081478;1.738088662;6.143522351;94.33894718;0.200132787;0.306358038;0.64959343;0.010562917
"ID314";"Non-upwelling";272.6295193;1.308446149;26.9096365;48.09162619;0.268320384;0.458559928;0.763403798;0.001456164
"ID161";"Brackish";223.8609224;1.687517184;19.70671318;61.71627662;0.239985033;0;7.242135743;0.000648839
"ID394";"Upwelling";275.7360746;2.546961197;29.49408835;30.63131884;0.008693089;0.090978051;0.608886771;0.001072451
"ID308";"Non-upwelling";308.6312523;6.871777411;20.17456263;52.0188309;0.228933873;0.598987771;3.004571266;0.000624783
"ID186";"Marine";231.3684276;1.579991543;11.74102065;59.51797005;0.060855139;0.166638762;0.480961893;0.024974848
"ID093";"Saline";206.9512444;200.0337624;2.621676173;90.63455894;0;0.10165571;0.682107959;0.008551163
"ID299";"Non-upwelling";263.159683;13.10535691;24.10689759;78.98484907;0;0.408575281;0.737852653;0.005862289
"ID292";"Non-upwelling";217.6244365;0.792925909;15.05435344;65.46452998;0.042737305;0.231089926;0.516228985;0.011241172
"ID075";"Brackish";218.3537767;1.485485963;27.02940956;0.910722878;0.137083032;0.983026258;8.878437324;0
"ID454";"Brackish";246.6139825;2.294306269;21.89595196;4.877060653;0.342878642;0.410511143;50.58007864;0.001535298
"ID226";"Marine";202.1173246;9.075842526;27.77771119;0;0.168624608;0.453451732;1.169365219;0.010001979
"ID343";"Saline";202.383014;27.73335672;2.645438828;46.68347249;0.019656929;0.262618282;1.645871224;0.001180699
"ID432";"Upwelling";286.9361037;7.105403175;76.40797535;5215.254799;0.113693658;0.549879955;1.203859774;0.0014219
"ID295";"Non-upwelling";273.2338092;1.278931343;23.93711054;29.17984997;0;0.046286249;0.326690507;0.000612447
"ID264";"Non-upwelling";266.5902581;0;26.16129146;0.153729504;0;0.218090479;0.567085922;0
"ID410";"Marine";204.6351839;0.559530421;24.61374742;57.22962835;0.046006289;0.07815095;2.626578395;0.011265004
"ID349";"Saline";233.9176612;0.664300894;5.154286457;86.55289737;0.04941715;0.140544116;0.535170825;0.000275131
"ID305";"Non-upwelling";269.902242;12.8259275;78.63649486;0;0;1.968636255;1.303834492;0.009263958
"ID307";"Non-upwelling";311.1500587;7.506022352;33.32575109;33.19321991;2.727700918;5.913226813;0.519186999;0.035895717
"ID094";"Saline";237.4100829;1.28534784;11.4091159;72.72459162;0.022761555;0;0.789564655;0.001897056
"ID359";"Saline";252.8849151;1.851505961;13.51406864;71.43207312;0.212098191;0.063700699;0.482925805;0.001912681
"ID266";"Non-upwelling";289.5947245;0.187300071;27.79385346;55.00464088;0.036054975;1.570134272;1.446334606;0.00039772
"ID430";"Upwelling";252.6475854;0.282591679;61.95088142;124.7570046;0.105990134;0.457057887;1.124568698;0.00098607
"ID099";"Saline";232.6999677;6.64859773;18.80967023;39.31490431;0.07608021;0.229625101;1.309905208;0
"ID281";"Brackish";193.6836464;2.520452791;11.88682494;64.97190908;0.133313934;0.175353439;19.36439833;0
"ID428";"Upwelling";262.9052551;2.252550981;22.30165879;31.2479731;4.67e-05;0.262816171;0.605415243;0.000111665
"ID253";"Brackish";255.7513888;6.995063805;18.76761481;52.25007414;0.275225006;0.816400856;40.82292382;0.001953228
"ID488";"Brackish";252.5053535;5.007580431;28.19755781;37.90790994;0.049651515;0.404811315;52.21086475;0.002809938
"ID465";"Brackish";201.9007646;9.850340844;3.63719067;98.08893737;0.274332808;0.709908493;0.541815623;0.010434019
"ID278";"Brackish";218.6302725;0;26.28702079;77.44939467;0.363518471;0.255503949;22.60242774;0
"ID293";"Non-upwelling";320.8719655;100.5504117;29.59133185;86.21493379;0.784080211;0.113145256;1.142427642;0.005602313
"ID473";"Brackish";237.3790276;0.372271884;22.29712523;65.11893809;0.198962314;0.185600657;32.32238356;0.000267105
"ID472";"Brackish";202.2803476;30.08221924;21.36470281;88.32112811;0.294792658;0.815186849;36.43305664;0.0026022
"ID293";"Non-upwelling";270.3975272;11.95544845;24.01512036;76.95761429;0.311675457;0.983667616;0.917493401;0.006937193
"ID263";"Non-upwelling";257.7396417;0.052682154;20.86755673;48.70428056;0;0;0.456644112;6.16e-05
"ID388";"Brackish";234.5830474;2.055264596;20.47030208;52.17905581;0.066923262;0.365311433;5.337696676;0.001239208
"ID434";"Upwelling";273.5017369;0.762712244;0.779115834;59.79344945;0.072165467;0.100954526;1.29549829;0.001567235
"ID143";"Non-upwelling";254.7369264;2.377696131;35.11890671;42.51329533;0;0;0.529024866;0.040917271
"ID395";"Upwelling";252.4936919;5.715973039;33.9952183;29.95922672;0.024165937;0.145757781;5.257635382;0.000873428
"ID096";"Saline";203.2585247;9.884422317;19.83288896;93.08069652;0.17086965;0.487222313;70.58225416;0.000812408
"ID347";"Saline";215.2528376;10.98960349;6.251033527;59.13002997;0.14851242;0.065870028;1.291810611;0.005300257
"ID439";"Upwelling";240.8655042;2.475103306;16.05276884;50.55557;0.036371216;0.209538126;0.592889986;0.00453023
"ID268";"Non-upwelling";222.3141536;0;11.77941514;36.43784917;0.011439058;0.099418447;1.175672434;0.00861161
"ID224";"Marine";211.0238339;9.303190224;4.296556351;98.48234588;0.001386962;0.243108635;2.077023031;0.000677941
"ID106";"Saline";1036.572116;3.720296858;10.621464;67.80835998;0.048786935;0.327473226;1.015781738;0.003611476
"ID099";"Saline";240.1209154;5.73845787;14.81913829;49.34174772;0.059123292;0.200132635;1.152340409;0.000860361
"ID425";"Marine";324.8879071;4.612178764;18.00924955;64.61687289;0.11774568;0.007479634;0.57962552;0
"ID099";"Saline";243.3451749;4.786948015;12.77156947;43.31791923;0.061865202;0.109393029;1.068956316;0.001334109
"ID437";"Upwelling";293.4652109;3.325433566;7.074307843;64.79006444;0.17994549;0.228250018;0.551568545;0.001387378
"ID260";"Brackish";228.3351659;4.51199342;22.32452561;48.24926312;0.460048313;0.374055688;38.29964099;0.00126031
"ID439";"Upwelling";236.1006362;4.887405452;11.75383453;41.33503412;0.360970028;0.346078663;0.572584026;0.001100854
"ID413";"Marine";299.5152877;1.329145796;24.70400873;21.44549522;0.000115429;0;0.28732444;0
"ID194";"Marine";222.5230375;17.82414638;6.134100672;66.37981194;0.079077151;0.482944143;9.056554599;0.004007906
"ID353";"Saline";206.1781653;1.108020069;3.193287633;55.35864134;0.179814106;0.185266572;1.004825699;0.003118585
"ID393";"Upwelling";252.6520784;1.598020253;23.77224158;28.3793847;0.333377379;0.338650581;0.724635254;0.000650165
"ID436";"Upwelling";227.9227791;2.954212508;16.85127264;44.10165422;0;0;0.946213329;0.002013113
"ID098";"Saline";210.3138012;3.520429006;7.282706214;116.8293129;0.173726666;0.167019189;1.467897557;0.042616759
"ID416";"Marine";250.3409884;2.76365507;5.029512041;54.16677885;0.05926947;0.060259536;0.317651785;0.001015629
"ID462";"Brackish";247.8592405;12.10960108;3.916196785;81.21473922;0.173893988;0.507302381;77.52366511;0.014402941
"ID298";"Non-upwelling";228.9778317;2.840208511;9.379769183;48.34266485;0.427419304;2.647248737;0.712464702;0.019487056
"ID111";"Non-upwelling";275.1426597;5.929654251;28.80972553;38.95013118;0.074556086;0.403999558;0.41048526;5.46e-05
"ID159";"Brackish";269.7820095;10.7970858;30.04833807;51.99336178;0.218276887;0.565647934;6.216475589;0.003026421
"ID320";"Non-upwelling";313.6253428;12.93818791;29.49380406;93.57631844;0.240470761;3.882185759;0.895604381;0.020636652
"ID454";"Brackish";233.4622028;10.50989582;26.63966248;5.138613485;0.27469003;1.249379832;41.9366532;0.003656919
"ID396";"Upwelling";232.6762467;6.651019493;15.67228413;51.34872452;0.035477909;0.408795057;0.486016287;0.005704202
"ID112";"Non-upwelling";270.3230136;0.121072344;62.40778153;8.241376014;0.056078189;0.304317644;0.604303193;0.000273012
"ID309";"Non-upwelling";200.3368816;29.87290595;3.927147648;72.13897561;0.119852553;0.32294792;0.301398046;0.004515307
"ID349";"Saline";243.7660362;3.175329623;0.77906056;57.56834292;0.140505785;0.150837905;0.399422148;0.000176559
"ID321";"Non-upwelling";217.3786301;3.614521967;0.098624313;73.4458009;0.179191412;0.383565708;0.282364481;0.008243218
"ID053";"Brackish";263.1466396;5.864023799;14.93301045;51.79333191;0.188374926;0.265170444;1.517812618;0.001664951
"ID447";"Brackish";217.8239778;0.59480672;17.72827226;76.85926696;0.060362596;0.182802606;1.517215615;0
"ID427";"Upwelling";255.8855382;4.734388284;28.8993014;52.27253348;0.112613015;0.641807276;3.175460112;0.002680166
"ID297";"Non-upwelling";250.0279992;3.610084731;7.312612861;32.07784555;0.069775671;0.010907536;0.363497037;0.003155362
"ID018";"Brackish";278.4242521;0.447084495;18.17212469;57.83374828;0.162691391;2.261106044;19.94209312;0.003070939
"ID048";"Brackish";261.0046121;0.153810137;7.039655382;42.57784758;0.011518598;0.113617847;4.097660868;0.00302866
"ID444";"Brackish";226.0648138;1.225380245;25.31586528;10.97896863;0.219342647;0.647050251;102.8231011;0.010578373
"ID102";"Saline";188.6508432;0;6.989287007;93.32592967;0.093433389;0.110992802;0.689146527;0.002425251
"ID268";"Non-upwelling";236.2528598;0.200385738;9.128910391;37.82272214;0.035415247;0.23496799;1.285454722;0.007872761
"ID432";"Upwelling";264.1137151;4.886504577;69.39948498;5319.380911;0.102917294;0.916541559;1.149490376;0.001840058
"ID516";"Upwelling";248.0526958;4.049774861;14.07257972;68.88390465;0.022528813;0.902045333;0.988325759;0.003798409
"ID339";"Saline";204.6560271;0.236989203;15.10277558;96.72596371;0.081409034;0;1.328643835;0.000946635
"ID430";"Upwelling";281.3990149;0;62.83181526;118.8632801;0.258831481;0.22143203;1.024852102;0.003046984
"ID381";"Brackish";262.0953661;3.200636418;36.820066;12.0007771;0.220277832;0.583423009;73.27029386;0.001459454
"ID438";"Upwelling";238.0156952;0.409434848;9.997509847;85.17262737;0.03440004;0.107753638;0.841745017;0.002957437
"ID310";"Non-upwelling";250.9604615;7.678346432;36.11018242;2.587494086;0.103452709;0.524084398;0.548509578;0.003829023
"ID449";"Brackish";235.7323574;24.06374754;12.55102141;58.04476883;0.372838335;1.696013741;77.67205137;0.004144126
"ID358";"Saline";200.0603023;0;14.64058997;120.8803597;0.118877993;0;4.192419474;0.000475961
"ID445";"Brackish";249.483375;1.605322273;34.96602156;0;0.039690744;0.286101887;34.0070773;0.00330616
"ID278";"Brackish";250.9015566;0;23.91737293;83.26899071;0.11154;0.301686904;53.69465697;0
"ID305";"Non-upwelling";323.8515899;6.976835531;72.59715471;0;0.084390482;1.258842846;1.277666396;0.009228889
"ID268";"Non-upwelling";228.2585866;0.631731172;11.58301804;32.20722505;0.031637798;0.217808895;1.24800896;0.008424868
"ID465";"Brackish";194.5019605;11.44983666;4.098972191;93.47466002;0.434864016;1.074628163;0.640545427;0.011530602
"ID343";"Saline";200.0477462;21.59914661;1.829318447;69.79114579;0.081654806;0.378037722;1.104285585;0.001410529
"ID018";"Brackish";292.9857518;1.796370837;19.93619107;52.98979625;0.133339962;0.1652956;43.35503162;0.002104352
"ID463";"Brackish";255.5727532;0.461773848;15.38006182;53.21604553;0.203717134;0.928121277;57.12150601;0.217279306
"ID357";"Saline";221.9954892;0.31705843;13.15614351;50.20424682;0.002837032;0.154666872;7.38472061;0.010649157
"ID315";"Non-upwelling";257.4593697;1.386707281;21.98956312;22.0991347;0.05192446;0.11761379;0.271575141;0.000808886
"ID104";"Saline";226.4646732;4.826243597;3.167689768;99.10839456;0.09753556;0.603756788;98.82541648;0.006814171
"ID344";"Saline";251.2457531;1.647335088;19.58526072;78.6181119;0.048338925;0.1179358;0.867382697;0.001826472
"ID425";"Marine";631.1732142;2.186531136;21.46902435;47.47274686;0.185512682;1.640198004;0.949931975;0.00902657
"ID516";"Upwelling";234.4747614;3.647927078;10.40944244;63.97935806;0.141761209;0.482552273;0.764868711;0.002803284
"ID293";"Non-upwelling";261.6436353;5.225049537;29.2981184;60.22489787;0.332645251;0.939544035;0.730845627;0.005692151
"ID310";"Non-upwelling";237.0020495;3.927586878;32.95027086;4.80322169;0.061853451;0.371066779;0.414399791;0.006961964
"ID341";"Saline";196.3512819;6.988004458;0;114.6709344;0.085988563;0.335806967;5.782633711;0
"ID076";"Brackish";211.2051331;22.82781734;25.80412894;1.666480147;1.69019188;0.81867073;9.193528139;0.292186394
"ID309";"Non-upwelling";231.0674975;16.28806617;0.170899702;94.08874388;0.120208401;0.219185714;0.366337254;0.010269889
"ID429";"Upwelling";234.5589755;13.91075038;19.71852029;72.33377029;0.022961112;0.459645501;3.236645773;0.001706143
"ID292";"Non-upwelling";228.2094999;5.363215976;14.0001295;65.79129822;0.051409111;0.150931828;0.464290926;0.00503862
"ID298";"Non-upwelling";222.1123124;1.249633444;8.237893179;42.47716512;0.235871413;0.712941619;0.716181004;0.003768087
"ID266";"Non-upwelling";251.1161681;0;19.80123437;51.85267822;0.045940391;0.02887581;1.40761164;0.001693594
"ID281";"Brackish";225.844586;6.866710167;15.27462393;54.77943769;0.142242954;0.40991136;26.32670699;0
"ID342";"Saline";226.8258445;7.946209899;10.79225162;81.44417535;0.05773464;0.208189208;1.476938891;0
"ID194";"Marine";207.7216584;6.870216155;5.735849839;107.0448089;0.168378636;0.622941641;9.379279529;0.074996952
"ID144";"Non-upwelling";225.7565292;2.144358178;14.48802827;70.62676574;0.194632423;0.220727833;0.584274641;0.005294082
"ID297";"Non-upwelling";245.2292511;0.476637871;13.88194494;49.01432037;0.024213206;0.130874013;0.416929678;0.00343458
"ID311";"Non-upwelling";263.2848378;0.66743447;20.73666839;29.93842635;0.042096525;0.170725185;0.328556745;0.000470338
"ID441";"Upwelling";219.9239665;1.516631819;15.48347046;1224.654888;0.402606831;0.080509299;2.040302456;0.003109902
"ID319";"Non-upwelling";266.8992667;2.603985714;54.54868113;2085.851721;0.118125491;0.094415259;0.28338664;0.000280916
"ID100";"Saline";248.4663066;8.700677882;3.035863889;93.4663077;0.107343111;0.557325939;1.210650105;0.001642814
"ID188";"Marine";226.928827;4.63780777;9.626195544;66.89026963;0.118941217;0.407452828;0.58420167;0.002903572
"ID462";"Brackish";231.9735736;4.176288891;8.836494664;70.42668522;0.257033228;0.372542989;48.22527042;0.083019746
"ID439";"Upwelling";224.8407882;5.144622131;15.41908202;53.82654838;0.026517579;0.200326245;0.582747057;0.004510105
"ID350";"Saline";210.5171861;2.677097663;13.11551603;115.4316057;0.037160652;0.202615806;0.746686731;0.009802484
"ID433";"Upwelling";275.9654521;97.33818296;23.43582118;25.34118041;0.092996076;1.687777749;0.544867169;0.150017339
"ID101";"Saline";223.3099858;0.592854565;24.75516265;0;0.128358367;0.084512915;1.316556479;0.005399723
"ID489";"Brackish";239.4503087;9.40689508;39.93425794;3.265255034;0.183287161;0.274170527;21.75868892;0.001459033
"ID318";"Non-upwelling";273.1594698;12.65021844;24.18942434;39.17842443;0.020730473;0.398245837;0.378916455;0.014458021
"ID303";"Non-upwelling";284.1417138;3.93223442;10.32469317;34.60538412;0.278110337;2.645794797;0.228814872;0.012284289
"ID277";"Brackish";276.2685795;4.977179612;11.5402886;0;0.122613234;0.477875514;5.923862579;0.003170874
"ID446";"Brackish";211.7914029;0.184237104;10.91511724;74.87263115;0.446003914;1.399474298;70.42265903;0.000342124
"ID355";"Saline";246.7889876;12.50950741;0;71.07009743;0;1.360083324;1.198079557;0.002586397
"ID072";"Brackish";217.7575732;3.44528084;5.503999491;73.5415487;0.327776561;0.609505674;12.27817526;0.607216286
"ID226";"Marine";200.1498988;1.621470521;27.52187801;0;0.05577334;0.302935729;1.420757855;0.002541954
"ID358";"Saline";201.2280437;0;7.171867744;115.3456493;0.158581115;0.017404101;4.288333696;0.001530178
"ID516";"Upwelling";246.9495905;3.284485295;13.67857381;84.16828697;0.057859136;0.335543925;0.976777512;0.004323769
"ID428";"Upwelling";291.0007655;2.666322781;21.60143942;30.66290284;0.011992068;0.26424449;0.644903656;0.00101203
"ID431";"Upwelling";235.4691646;0.767842597;29.07164973;3.69425826;0.096312357;0.282527827;0.921933225;0.002818566
"ID301";"Non-upwelling";296.3689029;4.230242215;18.48561024;57.02578546;0.798258838;0;0.557408608;0.017457253
"ID391";"Upwelling";227.010326;3.97282862;49.59522843;0;0.032902843;0.303126655;0.978764247;0.002606077
"ID358";"Saline";195.3251259;0.760849938;5.376544514;111.0473963;0.096504134;0.148939981;2.093483529;0.001167019
"ID299";"Non-upwelling";262.9734291;5.384087325;32.42252444;75.66149051;0.003368053;0.459464886;1.069401926;0.006700437
"ID296";"Non-upwelling";227.6409458;3.952352996;15.20681437;82.38284653;0.004973338;0.256679847;0.547823313;0.001558075
"ID306";"Non-upwelling";262.7394289;0.934887321;55.13396027;51.51745217;0.012735233;1.087240214;0.856758758;0.013115611
"ID473";"Brackish";222.7675765;0;7.722366033;72.77753464;0.114789804;2.157786069;28.34301934;0
"ID072";"Brackish";205.1618694;2.501446519;13.33839793;73.64436001;3.183086309;0.420742599;8.303103499;0.035730599
"ID173";"Brackish";284.631594;24.00904462;13.89009258;70.43569127;0.287957071;1.604383229;8.702491812;0.018157106
"ID443";"Upwelling";231.9917636;0.214493862;15.19727553;56.29770841;0.095152679;0.028129582;1.445552039;0.023702414
"ID305";"Non-upwelling";315.3414227;3.097987572;69.37697594;0;0;0.39510066;0.892518825;0.0044696
"ID110";"Non-upwelling";250.8331643;7.602289872;27.28805741;49.37232941;0.048721643;0.757837354;0.911924015;0.233319097
"ID096";"Saline";206.1715353;2.897555888;10.25137937;91.35899118;0.049849212;0.501289997;80.59373725;0.010850733
"ID268";"Non-upwelling";236.1389167;0.118735012;11.13092821;32.22092398;0.073341484;0.005580618;1.147838886;0.00150284
"ID310";"Non-upwelling";230.502463;10.8359343;29.26760459;5.356464907;0.065841134;0.514743459;0.500740307;0.000714054
"ID356";"Saline";212.456237;9.349735498;2.294722386;58.89892966;0.080553187;0.636502751;0.938905859;0.003353501
"ID324";"Brackish";242.9938764;2.118515551;21.72024797;61.02139317;0.20642854;0.366700187;57.18367954;0.000148508
"ID092";"Saline";233.1995947;9.787128564;10.18338457;44.09885889;0.065667225;0.463147095;0.983060281;0.006242618
"ID350";"Saline";218.7462359;0.904421927;9.205180392;105.177729;0.086721911;0.125097428;0.61954372;0.001142309
"ID327";"Brackish";243.1673141;0.136101203;11.31992853;57.99966511;0.124616721;0.265782158;34.57872266;7.17e-05
"ID440";"Upwelling";227.9206056;2.077621503;16.53501427;60.84449007;0.056179343;0.657084029;0.785941423;0
"ID353";"Saline";226.7059617;1.493499129;8.595807994;60.3713603;0.028400552;0.618344552;0.821969661;0.000309583
"ID267";"Non-upwelling";227.865263;1.201275275;9.471346821;72.52697064;0;0.166042369;1.210861705;0.000826612
"ID102";"Saline";220.7829711;1.821912875;8.099391922;569.9181312;0;0.227412444;0.849423889;0
"ID385";"Brackish";235.6480556;5.337299972;21.92138694;0;0.086627713;0.396185542;35.89280825;0.000689869
"ID204";"Brackish";206.0097952;1.153654389;8.518548771;72.10912217;0.28621226;0.250405922;6.877853308;0.162837881
"ID319";"Non-upwelling";266.6824676;1.477810101;52.62512318;2154.931013;0.017951135;0;0.322488973;0.00295069
"ID347";"Saline";197.9426516;0.812771587;3.580476737;83.13126584;0.181228228;0.158190708;1.529595238;0.00378567
"ID302";"Non-upwelling";239.9357325;5.259981115;30.09676458;41.04393848;0.107905668;0.620122105;0.582888451;0.003224111
"ID302";"Non-upwelling";243.5355972;13.06443544;26.9819037;59.57779437;0.022913147;0.80855486;0.59612269;0.008816655
"ID321";"Non-upwelling";229.1262968;6.046890415;1.755913722;89.63527239;0.154414144;0.19950513;0.360151529;0.01827659
"ID093";"Saline";204.0070331;0.28723948;2.370511534;88.77694995;0.001386237;0.092432082;0.806194593;0.000688815
"ID345";"Saline";211.1469166;113.3248239;5.40471797;58.19168621;0.145114365;0.230340024;1.53555729;0.001405924
"ID307";"Non-upwelling";263.6448156;0;31.58446093;3.980794086;0.000423141;0.232383933;0.375145273;0.293350198
"ID316";"Non-upwelling";242.3185516;7.608466583;10.57427551;74.12316672;0.080704228;0.356920228;0.494318262;0.001878468
"ID101";"Saline";211.803096;0.684568303;27.35632133;0;0.017781017;0.092486094;1.290097453;0.000658572
"ID347";"Saline";215.0818578;12.05615718;10.8036972;77.24263388;0.101233714;0.267816116;1.485948279;0.000897493
"ID100";"Saline";240.7304558;9.526528552;1.786367915;104.133907;0.007620907;0.691220023;1.361956972;0.000150182
"ID341";"Saline";207.6172708;5.045172624;0;137.5230698;0.147116981;3.99092334;4.233341431;0.020020008
"ID096";"Saline";220.7142416;3.22168307;2.328389689;94.77828441;0.444236369;0.910425788;68.19599948;0.010860104
"ID112";"Non-upwelling";245.2705168;0.089813562;42.39525514;25.19247633;0.053822184;0.076202532;0.526251051;0.000259198
"ID303";"Non-upwelling";281.8369335;45.15212305;45.21115451;25.22419895;0.100837792;0.379718662;0.243724348;0.078910854
"ID465";"Brackish";206.2401828;9.562875392;0.730577708;94.27479209;0.578329717;1.017915261;0.609515737;0.007336704
"ID343";"Saline";225.7321401;155.2192048;2.330544727;56.53062706;0.013046764;3.3195147;1.749376933;0.007875033
"ID018";"Brackish";275.1609717;2.847770317;23.52918428;60.32863694;0.315678355;0.626767865;19.69565509;0.014927358
"ID079";"Brackish";281.4331674;3.581069367;64.98549285;2.484268967;0.258336218;0.260216628;17.87921102;0.000662288
"ID299";"Non-upwelling";263.0759405;6.094797184;35.2393704;70.72430021;0.141898289;0.413575919;1.154081611;0.006805871
"ID445";"Brackish";243.366432;3.257990195;35.91259148;0;0.123382792;0.240406432;26.01484513;0.00122731
"ID301";"Non-upwelling";223.8015507;10.32036008;15.15027505;47.90411508;0;0.002910416;0.514900756;0.000524343
"ID463";"Brackish";242.213412;1.846839534;15.1765069;68.77096867;0.195599232;0.527065119;49.50868552;0.003773467
"ID436";"Upwelling";235.7080868;1.974369145;19.50494243;46.61428998;0.037147317;0.217247935;1.11745683;0.004818636
"ID072";"Brackish";216.7790698;2.987383823;6.366075914;85.81613236;0.161859005;0.042888965;15.00143185;0.21068517
"ID111";"Non-upwelling";267.0049705;15.66655163;30.66329963;28.20523263;0.073853499;0.095571519;0.390199237;0
"ID381";"Brackish";248.771949;3.158229931;39.25952418;12.62323981;0.185578794;0.799110275;40.93354873;0.001629928
"ID403";"Upwelling";235.3736276;2.507795083;29.32204328;109.2752064;0.173337982;0.37767516;0.415362731;0.003927066
"ID391";"Upwelling";267.3104975;1.135648214;47.226496;0;0.226979805;0.402504041;0.845229963;0.002636791
"ID488";"Brackish";253.0921504;0;23.29037651;37.47167357;0.145891582;0.077983574;16.76585708;0.002203782
"ID395";"Upwelling";248.3795118;2.570572179;34.84808163;17.25235392;0.030045529;0.201420622;5.61532692;0.000646635
"ID092";"Saline";231.2464221;5.607924102;11.47589391;61.99638241;0.079998568;0.469095322;1.008249576;0.007454302
"ID410";"Marine";220.9081419;2.363866849;14.61844799;30.40373914;0.044635656;0.062310033;3.439270369;0.002009067
"ID299";"Non-upwelling";274.3874683;10.66809547;32.39851271;67.54115826;0;0.438274074;0.768525464;0.015520545
"ID241";"Non-upwelling";250.2913868;5.120417976;25.89296833;47.44946377;0.379864244;0.408710633;2.021129842;0.002845136
"ID399";"Brackish";246.4697024;4.128251496;17.77757788;60.57254682;0.366491575;0.429719783;84.89696382;0.062773427
"ID093";"Saline";215.2211076;19.93303508;2.674260974;69.7304979;0;0.360456952;0.684146274;0.000814808
"ID294";"Non-upwelling";264.4110644;1.850491555;37.75993733;64.82375077;0.20268105;0.488989301;0.753440114;0.00232189
"ID164";"Brackish";230.6765894;1.207039589;32.37979141;70.17942346;0.206322379;0.083182895;3.26098137;0.001281384
"ID273";"Brackish";262.0394808;2.787307044;34.50790937;0;0.187712284;0.203149714;46.33753036;0.002290923
"ID048";"Brackish";271.3601178;0.478275174;2.811548021;34.4432633;0.044423197;0.224399497;6.624176093;0.004332253
"ID318";"Non-upwelling";247.7991712;3.751778428;25.69534784;38.11133727;0;1.221443674;0.432342725;0.006340552
"ID186";"Marine";212.082919;4.577698354;19.05654899;64.93657781;0.142356667;0.192616509;0.436556127;0.006241103
"ID313";"Non-upwelling";222.9815128;4.66918207;16.57665587;53.62319356;0;0.321555574;0.332581411;0
"ID395";"Upwelling";302.5327201;4.501279207;35.03626023;16.37858584;0.125231612;1.061955981;8.298975343;0.005130443
"ID241";"Non-upwelling";253.471413;3.713034254;19.08488173;27.40031194;0.375098075;0.487089351;2.063568206;0.014148938
"ID324";"Brackish";239.2470017;0.229169095;17.34476396;53.77656219;0.213497338;0.324210646;103.1904999;0.000639377
"ID357";"Saline";204.1467299;2.792193952;7.785731577;65.65713058;0.145385594;0.24182675;7.669903071;4.98e-05
"ID435";"Upwelling";248.1511769;4.136463481;22.14161706;39.10940816;0;0.551580995;0.637464708;0.002906063
"ID349";"Saline";235.8888092;0.761856834;5.327919938;79.83387671;0.005885763;0.199177257;0.468793892;0
"ID326";"Brackish";232.8799929;0.825981828;26.20433655;60.05706429;0.239102202;0.455440516;30.86810138;0.001953449
"ID351";"Saline";214.0712315;12.26489216;0.905088995;61.31454045;0.158366444;0.537202474;2.876950618;0.001139371
"ID324";"Brackish";248.8274484;0.287396849;19.48346791;55.86799186;0.14369665;0.44038051;58.08494668;0.001021197
"ID188";"Marine";210.694109;8.343285687;17.08948226;56.57872236;0.036617653;0.292411991;0.676848861;0.001877115
"ID104";"Saline";208.767769;3.325798729;13.68963369;96.14729203;0.246722749;0.200019729;39.86471383;0.002202163
"ID405";"Marine";204.2021864;0.919192342;25.53996222;100.7240247;0.037305763;0.620841588;2.000761435;0.000941949
"ID440";"Upwelling";230.1392332;3.887968371;6.538793401;54.48658645;0.069142772;0.326592189;0.887997938;0.003003383
"ID303";"Non-upwelling";265.7979219;0.176697302;51.36114782;26.34082398;0.094109666;0.881140539;0.277164322;0.001325947
"ID160";"Brackish";205.5367106;0.551167131;13.47000768;46.67024942;0.040848778;0.192077653;2.421084698;0.045801984
"ID351";"Saline";209.4470153;20.43539121;1.036366485;72.02742178;0.299110298;0.718392866;2.514627397;0.001828347
"ID297";"Non-upwelling";224.6492052;3.278891313;14.10776564;59.47581991;0.07065197;0.102803767;0.375615997;0.03977815
"ID394";"Upwelling";257.241063;1.448851673;26.92878534;31.06137784;0.072400145;0.002729728;0.557752145;0.001064095
"ID264";"Non-upwelling";270.0523866;0;25.79429186;14.71831046;0;0.211345346;0.575208027;0.000797118
"ID224";"Marine";217.9445031;1.678227072;7.839590276;96.43167295;0.002715448;0;2.442712271;0.001162671
"ID388";"Brackish";235.3761259;1.679791165;20.38987034;56.64616038;0.047190035;0.299897906;5.275271268;0.000870039
"ID301";"Non-upwelling";205.1611835;2.93948899;12.00209989;56.22991006;0;0.273764319;0.38975106;0.004470793
"ID357";"Saline";212.4407445;0.098000793;11.59338283;69.77705934;0.04305669;0.01728882;6.943451226;0.003219761
"ID294";"Non-upwelling";263.1560443;3.746390067;28.36265942;58.51046776;0.100099764;0.255167231;0.64297396;0.002484592
"ID326";"Brackish";249.0602133;3.429533973;26.2084768;71.17801377;0.132042591;0.488576517;109.6867147;0.040430831
"ID264";"Non-upwelling";273.7029514;0.089631157;20.42721756;3.335270641;0.028998679;0.040881422;0.609357412;0
"ID079";"Brackish";267.3011852;2.599884713;54.07646042;7.90764271;0.18715856;0.36546437;20.32924732;0.002259267
"ID306";"Non-upwelling";283.4313349;3.461681229;59.12904346;27.41577499;0.232326672;0.259615089;0.788568921;0.000179165
"ID226";"Marine";201.1686195;8.327414278;26.93017165;0;0.294233494;0.320710125;1.287748661;0.009785981
"ID342";"Saline";227.5110177;9.8714341;10.76880287;94.15214837;0.041022848;0.228094861;2.839242971;0.005392204
"ID192";"Marine";232.4098986;4.76304099;33.02047287;418.632861;0.118846925;0.093283663;0.570407677;0.18931255
"ID094";"Saline";243.6229444;1.838898227;13.76235139;70.57861331;0.160357414;0.528696153;1.0988577;0.00898148
"ID438";"Upwelling";269.9514132;0.898288072;9.535966814;98.72440837;0.46732302;3.646975536;1.203168687;0
"ID326";"Brackish";247.0424703;0.231299364;26.13536055;59.52630949;0.079954907;0.157483582;35.96331506;0.006137987
"ID158";"Non-upwelling";239.6314936;2.574755479;8.044239343;69.67654279;0.126400547;0.306381104;0.682037752;0.006404466
"ID511";"Brackish";283.9343458;1.215682103;25.37908181;58.31149616;0.166212609;0.238546608;17.01736606;0.000623818
"ID416";"Marine";249.2777614;0.488663597;4.595204766;61.15893917;0.077300311;0.522670356;0.380241099;0.012944445
"ID435";"Upwelling";248.4546384;3.350513257;19.32372385;47.21407252;0;1.229085058;0.666261891;0.077750749
"ID430";"Upwelling";277.0691608;0;64.78756485;123.2673819;0.159011164;0.292283346;1.035334889;0.00117257
"ID081";"Brackish";280.5134885;0;30.16054128;63.742848;0.21991131;0.114755739;8.284759809;0.001615041
"ID438";"Upwelling";247.0667603;1.785928618;11.37762474;93.75477382;0.204984466;0.505325562;1.191289255;0.000776704
"ID093";"Saline";213.1193812;3.049134644;2.77714428;84.10981537;0.130147539;0.614373625;0.860659319;0.001483899
"ID315";"Non-upwelling";287.7622954;1.186341853;25.42685982;21.48836648;0.136593264;0.913282358;0.326387455;0.0022039
"ID434";"Upwelling";265.6337446;2.021259295;8.107149516;68.09511314;0;2.70160894;0.875106752;0.001309076
"ID349";"Saline";231.3502372;1.545768258;6.819464556;67.62987326;0.035027304;0.207922778;0.566464634;0
"ID144";"Non-upwelling";242.9380909;1.851830502;16.04210863;46.98648271;0.097019702;0.311642363;0.543001059;0.00054913
"ID315";"Non-upwelling";302.1772915;2.357289544;17.66611477;17.96774402;0.05762914;0.037925685;0.298087394;0.001556314
"ID310";"Non-upwelling";241.6855991;18.81270242;30.6775978;5.343164336;0.099111154;0.240816308;0.436052398;0.001551197
"ID425";"Marine";354.4904484;3.616290285;17.94387527;49.48177496;0.163460701;0.54078964;0.751855855;0.002203328
"ID158";"Non-upwelling";246.4721698;3.251441618;8.244623702;89.6667447;0.214808293;0.958655431;0.769111468;0.004392607
"ID308";"Non-upwelling";272.8316478;4.370297087;21.48351031;54.6078762;0.211062604;0.261539239;2.757437372;0.004985048
"ID188";"Marine";217.0874387;2.08445834;13.78749771;59.92627786;0.14720725;0.387164454;0.688150298;0.020218313
"ID186";"Marine";237.6466129;7.20650765;8.803078124;73.3060851;0.044939956;0.268800582;0.502334802;0.023473419
"ID441";"Upwelling";197.7507293;1.741491413;16.03400693;1158.807848;0.019796603;0.237203642;2.412313696;0.003242267
"ID158";"Non-upwelling";343.2543056;3.186197806;4.686579679;91.6628426;0.04703149;0.464262439;0.772491582;0.006506802
"ID348";"Saline";234.1837887;3.06310821;14.14788677;54.92883216;0.013177289;0.0046387;1.481574986;0.040677048
"ID316";"Non-upwelling";240.272655;8.769902275;10.68255586;68.04965212;0.103492917;0.207108955;0.56064447;0.001702683
"ID192";"Marine";235.2486176;3.709298275;28.6432991;349.577613;0.074566613;0.141749966;0.659597406;0.159923697
"ID102";"Saline";211.1730307;2.603410642;4.735382932;105.9737888;0.063303728;0.390211294;0.634240424;0.002115616
"ID340";"Saline";216.0673799;10.5646276;7.729048139;53.04658944;0.001324208;0.453215642;0.83234828;0.00492294
"ID447";"Brackish";214.3793518;2.088559592;10.06509131;73.35689459;0.143968669;0.582197485;1.542450903;0.00141835
"ID311";"Non-upwelling";261.0015356;0.023042983;21.57469869;31.00727135;0.047021307;0;0.363541708;0.000738461
"ID192";"Marine";226.4677768;5.397731393;26.70418441;401.1793368;0.121139009;0.048806183;0.451964628;0.181884598
"ID347";"Saline";212.0434101;9.91541072;7.210746175;79.57642042;0.103861441;0.09432067;1.31249995;0.005889422
"ID434";"Upwelling";283.1981121;2.817614199;3.5143796;59.78547869;0.052084457;0.035482926;1.057222326;0.002569852
"ID488";"Brackish";240.9554194;5.576126909;32.72944926;31.60424381;0.109856971;0.54116797;30.12658271;0.004402176
"ID316";"Non-upwelling";239.5014326;7.298923253;18.29845643;65.49037743;0.079527875;0.41487182;0.731095781;0.038833338
"ID516";"Upwelling";229.8201743;6.122937641;11.76021042;53.6739144;0.082957214;0.218164788;0.849387638;0.005328641
"ID438";"Upwelling";274.155843;1.310991485;8.649006945;102.402934;0.137594424;0.256893052;0.876480042;0.000435005
"ID281";"Brackish";199.6522192;1.106173127;15.06337995;52.33303766;0.05871215;0.207632521;18.65408587;0
"ID306";"Non-upwelling";282.2123899;1.891950391;47.16530126;27.00505644;0.051650306;0.386350969;0.674333195;0.002159293
"ID357";"Saline";209.8011373;1.336154373;6.798282561;69.50106009;0.022953445;0.215377555;7.565966131;0.001235652
"ID433";"Upwelling";262.312806;44.97077126;21.31562201;26.04320502;0.226807908;2.251335093;0.527072376;0.011159155
"ID313";"Non-upwelling";210.930874;5.48455833;15.59220302;62.39292033;0.016499204;4.922124929;0.386854328;0
"ID159";"Brackish";285.9690398;17.32173854;38.83046187;71.27967909;0.253578658;0.488883094;7.586609117;0.025117722
"ID103";"Saline";220.9695146;1.892561192;14.75842633;58.47422784;0.051010855;0.062280207;1.006328141;0.000516477
"ID266";"Non-upwelling";242.2405765;0.508778188;24.74422257;48.98639592;0.050992937;0.080107392;1.282157676;0.000581717
"ID304";"Non-upwelling";260.7204623;2.272607966;11.47362772;72.75007777;0.022160132;0.504504806;0.847859103;0.001611917
"ID097";"Saline";221.6143294;4.66448007;14.82866353;57.42774287;0.043400823;0.227920536;0.888259905;0.011083707
"ID158";"Non-upwelling";220.8617922;2.941057019;6.857321356;78.50394247;0.131527709;0.534403964;0.576956798;0.006554468
