Sample;Month;Year;Season;Site;tide;Temp;Sal;ph;ORPmV;mS_cm;NTU;mg_L_OD;OD;g_l_TDS;ppt;oT;m;Mg24w;Al27w;K39w;Ca43w;Ca44w;V51w;Cr52w;Mn55w;Fe57w;Ni58w;Co59w;Cu65w;Zn66w;As75w;Se82w;Rb85w;Sr88w;Ag107w;Cd114w;Ba138w;Hg202w;Pb208w;U238w;MgCa;AlCa;KCa;CaCa;VCa;CrCa;MnCa;FeCa;NiCa;CoCa;CuCa;ZnCa;AsCa;SeCa;RbCa;SrCa;AgCa;CdCa;BaCa;HgCa;PbCa;UCa
A001;JUL;2022;Late dry;Sao Mateus;low;24.03;4;8.46;144;8.54;24.3;8.38;102.3;5.38;4.7;1;0.9;28248.32033;27.96323087;492.2511475;781.6936221;1342.242879;0.020186816;0.157583365;9.197382424;4.143904691;0.252238688;0.087701284;0.12845667;0.664430817;0.008227364;0.143489526;0.057041047;31.7042571;0;0.023846621;0.793853644;0;0.44251247;0;36137329.94;35772.62252;629723.8887;1717095.857;25.82446049;201.5922352;11765.96836;5301.187798;322.6822901;112.1939356;164.3312245;849.9887908;10.52504924;183.5623598;72.97110422;40558.41855;0;30.50635278;1015.555995;0;566.0945127;0
A002;JUL;2022;Late dry;Sao Mateus;high;22.87;20;8.64;140;32.2;6.5;6.56;85.6;19.6;NA;12.8;1;29088.07797;15.76439311;446.1138606;766.4558614;1301.146291;0.018039011;0.263033852;1.272802289;3.850363491;0.212851389;0.033014761;0.076903248;0.853823468;0.012828955;0.150660811;0.075449995;32.06746444;0;0.022817133;0.86532596;0;0.278973404;0;37951406.51;20567.9073;582047.686;1697614.117;23.53561647;343.181995;1660.633512;5023.594553;277.708606;43.07457507;100.3361732;1113.98909;16.73802214;196.56815;98.4401046;41838.63162;0;29.76966279;1128.996468;0;363.9784336;0
A003;JUL;2022;Late dry;Guarapari;low;23.5;37;NA;NA;NA;NA;NA;NA;NA;NA;NA;NA;30399.27574;29.09280195;906.4687322;910.2077496;1580.12757;0.057197773;0.255160561;0.227219509;4.698311913;0.309841946;0.343121883;0.14207926;1.608476415;0.025972893;0.205898288;0.118061486;32.34765537;0;0.084072504;0.660639017;0;0.981646608;0.012276403;33398172.83;31962.81504;995892.1275;1736007.599;62.8403496;280.3322216;249.634778;5161.801704;340.4079411;376.9709527;156.0954192;1767.153065;28.5351265;226.2102123;129.7082843;35538.76066;0;92.36628034;725.8112415;0;1078.486321;13.48747414
A004;JUL;2022;Late dry;Guarapari;high;23.5;37;NA;NA;NA;NA;NA;NA;NA;NA;NA;NA;28288.48004;11.31729481;933.4993628;949.1197927;1640.639049;0.230011361;0.449957191;0.648780246;4.193530846;0.137698874;0.04275961;0.158677065;0.223862287;0.070508529;0.165361485;0.12021089;34.12164493;0;0.002859188;0;0;0.684748189;0.016643283;29804962.73;11923.98989;983542.1935;1728590.07;242.3417605;474.0783977;683.5599162;4418.336735;145.0806057;45.05185747;167.1833907;235.863048;74.28833508;174.2261472;126.6551288;35950.83064;0;3.012462921;0;0;721.4560211;17.53549234
A005;JUL;2022;Late dry;Gramute;low;25.6;36;NA;NA;NA;NA;NA;NA;NA;NA;NA;NA;30609.33877;29.90278022;943.8313598;951.4989646;1631.125395;0.085324659;0.253713182;0.460353775;7.851619844;0.250457222;0.021702522;0.076180925;0.686108592;0.023302313;0.187172106;0.122866855;34.22854384;0;0.00140105;0.333444518;0;0.10463285;0.014237934;32169597.57;31427.02339;991941.5522;1714269.228;89.67393816;266.6457782;483.8195231;8251.842762;263.2238518;22.8087706;80.06411772;721.0818063;24.49010838;196.7128843;129.129783;35973.28543;0;1.472466317;350.4412826;0;109.9663307;14.96368818
A006;JUL;2022;Late dry;Gramute;high;NA;NA;NA;NA;NA;NA;NA;NA;NA;NA;NA;NA;26738.17784;34.41856023;911.3635277;840.0278927;1442.674662;0.105342753;0.233407377;0.475344787;7.346533356;0.247656716;0.081941951;0.074751522;0.601332963;0.022504597;0.226699451;0.323854632;30.35208488;0.000422105;0.015949393;0.49431707;0;0.270839684;0.016189157;31830107.15;40973.11593;1084920.555;1717412.808;125.4038755;277.8566981;565.867861;8745.58264;294.8196337;97.54670219;88.98695238;715.848805;26.79029743;269.8713381;385.5284267;36132.23459;0.502489015;18.98674261;588.4531629;0;322.4174894;19.27216644
A007;AUG;2022;Late dry;Santa Maria;low;24.5;29;NA;NA;NA;NA;NA;NA;NA;NA;NA;NA;30101.53734;31.2908338;761.1774895;898.8653717;1532.292893;0.0460696;0.286722852;2.101072537;8.077577289;0.37464857;0.044970755;0.182294883;0.729976452;0.009199043;0.185818656;0.103008995;32.76916256;0;0.008371786;1.017250826;0;0.218317164;0;33488371.32;34811.47988;846820.351;1704696.767;51.25305882;318.9830876;2337.471887;8986.415034;416.8016497;50.03057879;202.8055461;812.1087708;10.23406135;206.7257922;114.5989135;36456.14082;0;9.313726057;1131.705434;0;242.8808263;0
A008;AUG;2022;Late dry;Sao Mateus;low;22.42;29;8.25;-62;38.2;49.7;NA;NA;23.3;24.2;16.1;NA;28758.68675;19.72413008;744.7769689;890.0191838;1519.487721;0.046481456;0.103836104;3.084293523;4.129016103;0.151329204;0.012665856;0.07907127;0.480954426;0.005927532;0.160470451;0.095900248;32.70455422;0.002196161;0.002151185;0.511351576;0;0.112545591;0.002652708;32312434.69;22161.46623;836810.0176;1707252.775;52.22522901;116.6672647;3465.423643;4639.243938;170.029148;14.23099241;88.842209;540.3865832;6.660005309;180.2999917;107.7507653;36745.89808;2.467543052;2.417009353;574.5399485;0;126.4529945;2.980506507
A009;AUG;2022;Late dry;Sao Mateus;high;23.48;34;8.29;-61;36.7;16.3;NA;NA;22.4;23.2;15;NA;28199.3786;18.24370803;772.0876337;925.2456362;1589.170323;0.053720678;0.146052614;0.732265929;4.319864981;0.261463314;0.02493361;0.102146615;0.587875057;0.009683712;0.166824285;0.096094508;31.66669429;0;0.002362432;0.344246765;0;0.135755963;0.016362038;30477721.27;19717.69151;834467.7387;1717565.866;58.06099052;157.8527994;791.4286764;4668.88447;282.5879998;26.94809828;110.3994559;635.3718778;10.46609902;180.3026989;103.8583747;34225.17551;0;2.553302047;372.0598636;0;146.7242405;17.68399412
A010;AUG;2022;Late dry;Caravelas;low;34.5;35;NA;NA;NA;NA;NA;NA;NA;NA;NA;NA;28318.04155;51.43095153;797.7916268;964.6070245;1658.266388;0.104369668;0.185354949;0.934486245;14.16288652;0.253062325;0.035265942;0.125562754;0.513933753;0.027046421;0.179897796;0.105198802;32.88837381;0;0.003282025;0.344183162;0;0.214578592;0.016416876;29357075.81;53318.03546;827063.8784;1719110.836;108.1991579;192.1559186;968.7740407;14682.54549;262.3475868;36.55990568;130.1698524;532.7908053;28.03879722;186.4985344;109.0587149;34095.10088;0;3.402447899;356.811793;0;222.4518235;17.01923788
A011;AUG;2022;Late dry;Caravelas;high;23.9;35;NA;NA;NA;NA;NA;NA;NA;NA;NA;NA;30469.42394;21.99075079;869.1330589;1014.637929;1735.022997;0.077770387;0.167490696;0.441746285;8.88639314;0.194888883;0.024118038;0.086012587;0.385045225;0.012865535;0.175884174;0.116731972;34.63286624;0.002460817;0.002011362;0.309356325;0;0.105677143;0.014740245;30029849.13;21673.49569;856594.2923;1709992.251;76.6484129;165.0743498;435.373321;8758.191356;192.0772693;23.77009327;84.77170468;379.4902729;12.67992694;173.3467365;115.0479087;34133.22649;2.425315808;1.982344391;304.8933178;0;104.1525654;14.52759086
A012;AUG;2022;Late dry;Guarapari;low;23.6;34;NA;NA;NA;NA;NA;NA;NA;NA;NA;NA;25516.58951;30.28952332;847.3240151;879.3982607;1520.518404;0.218886621;0.323514269;2.801599021;10.56993851;0.378398166;0.017208776;0.079334442;0.639467937;0.019674508;0.199367234;0.115218028;30.727817;0;0.002396978;0.284041773;0;0.109504096;0.023870187;29015965.41;34443.46512;963527.0536;1729044.134;248.9049971;367.881407;3185.813693;12019.51264;430.292148;19.56880874;90.21446295;727.1653417;22.37269348;226.7086973;131.0191678;34941.86692;0;2.725702754;322.9956043;0;124.5216195;27.14377356
A013;AUG;2022;Late dry;Guarapari;high;22;37;NA;NA;NA;NA;NA;NA;NA;NA;NA;NA;38653.67943;28.0000077;1036.097804;1258.287079;2155.397426;0.069840409;0.153394759;1.452495616;15.43460805;0.354808435;0.044251781;0.16385319;2.401710127;0.012663982;0.224921516;0.157875874;43.602588;0;0.012935614;0.354621548;0;0.229530613;0.02279475;30719285.04;22252.47972;823419.2509;1712961.582;55.50435185;121.907601;1154.343584;12266.36458;281.977333;35.16827127;130.2192423;1908.713971;10.06446132;178.7521462;125.4688831;34652.33708;0;10.28033587;281.8288087;0;182.4151396;18.11569912
A014;AUG;2022;Late dry;Piraque-acu;low;23.5;34;NA;NA;NA;NA;NA;NA;NA;NA;NA;NA;33061.63001;15.85121784;403.631663;801.5412729;1363.004794;0.031558728;0.083211751;0.260491993;3.993557273;0.175761745;0.086649282;0.04277482;0.42656787;0.018884575;0.122496488;0.04379855;39.46596095;0;0.015414132;0.795630089;0;0.254127159;0;41247570.32;19775.92218;503569.4065;1700479.864;39.37255529;103.8146804;324.9888701;4982.347645;219.2797192;108.1033314;53.36571171;532.1845353;23.56032707;152.8261763;54.64291331;49237.59048;0;19.2306158;992.6252278;0;317.048127;0
A015;AUG;2022;Late dry;Piraque-acu;high;24.1;35;NA;NA;NA;NA;NA;NA;NA;NA;NA;NA;28555.14922;12.02520832;367.7071291;718.4010462;1223.525924;0.026049748;0.069630241;0.208923823;3.391490268;0.148425371;0.060500021;0.061918255;0.481623419;0.014756936;0.116700051;0.041183029;34.46880024;0;0.014820113;0.693616354;0;0.249932949;0;39748201.05;16738.85135;511841.0268;1703123.806;36.2607323;96.92391372;290.8178157;4720.887151;206.6051712;84.21482811;86.18898169;670.410242;20.54136264;162.4441547;57.32595848;47979.88591;0;20.62930253;965.5001997;0;347.9017056;0
A016;SEP;2022;Late dry;Sao Mateus;low;21.78;11;8.48;-38;18.2;16.8;4.89;60.7;11.3;10.7;6.1;NA;17736.85972;8.018024457;299.3610972;384.0745027;631.7524735;0.010209939;0.070940995;0.697390795;2.334738379;0.166266502;0.015957124;0.053979251;0.374880196;0.007497852;0.098235544;0.039905604;29.20365461;0;0.004708529;1.734159346;0;0.144171654;0;46180778.98;20876.22167;779434.9666;1644869.6;26.58322398;184.7063375;1815.76957;6078.868455;432.9016906;41.54694929;140.543698;976.0611371;19.52186955;255.7721056;103.900685;76036.4315;0;12.25941668;4515.163943;0;375.3741862;0
A017;SEP;2022;Late dry;Sao Mateus;high;24.61;20;8.49;-26;15.7;24.5;28.17;361.8;10;9.3;4.3;NA;20898.77188;6.830564333;318.3107994;446.3499536;740.5646545;0.01595031;0.054672627;0.665255589;2.794600518;0.181367428;0.010856161;0.050016915;0.300359661;0.003523341;0.109712861;0.039764998;32.32113749;0;0.004216656;0.834970759;0;0.157533924;0;46821494.45;15303.15905;713141.7779;1659157.01;35.73498791;122.4882543;1490.434991;6261.007749;406.3345962;24.32208349;112.0576223;672.9241457;7.893673871;245.8000952;89.08928405;72412.10004;0;9.446972304;1870.663931;0;352.9381425;0
A018;OCT;2022;Early wet;Sao Mateus;low;27.64;21;8.21;140;49.8;48.3;0.59;9.2;30.3;32.6;20.8;NA;28605.49835;6.785606506;375.7278985;625.0192183;1042.935687;0.021176194;0.044363355;1.399783015;2.3718296;0.104407643;0.01124705;0.069768045;0.417677771;0.006122634;0.113484836;0.047245702;43.87859907;0;0.001327485;0.724926618;0;0.118121295;0;45767390.05;10856.63658;601146.1528;1668645.79;33.88086882;70.9791847;2239.583959;3794.810672;167.0470928;17.99472715;111.6254398;668.2638842;9.795912431;181.5701537;75.59079868;70203.5998;0;2.123910747;1159.846925;0;188.9882605;0
A019;OCT;2022;Early wet;Sao Mateus;high;28.34;NA;7.94;165;46.3;15.7;2.51;38.9;28.2;30.1;18.7;NA;23097.32693;5.720284274;328.2415407;506.7966841;843.0374688;0.0145839;0.044378566;1.595185565;2.289984838;0.10568322;0.007950937;0.073339355;0.339436556;0.003000571;0.073693445;0.041845888;35.73789682;0;0.002678907;0.674847965;0;0.083121904;0;45575134.28;11287.13832;647678.9431;1663462.874;28.7766287;87.56680328;3147.58485;4518.547397;208.5317913;15.68861375;144.711592;669.7686988;5.920660486;145.4102754;82.56937921;70517.22702;0;5.285959952;1331.595067;0;164.0143018;0
A020;OCT;2022;Early wet;Piraque-acu;gradient;22.97;37;8.18;161;38.8;0.4;7.09;95.3;37;NA;16.2;0.15;29697.34667;16.62870443;867.5903466;978.8051465;1676.693388;0.060309537;0.145579681;0.143732203;4.317807383;0.268577515;0.041238998;0.095615754;0.418602622;0.00705462;0.201154314;0.111217904;32.33765911;0.00042214;0.004978548;0.136873658;0;0.185949499;0.010942129;30340407.15;16988.77911;886376.9768;1713000.176;61.61546786;148.7320343;146.844552;4411.304332;274.3932394;42.13197863;97.68619862;427.6669603;7.207378995;205.5100693;113.6261946;33037.89239;0.43128106;5.08635206;139.8374927;0;189.9760128;11.17906758
A021;OCT;2022;Early wet;Piraque-acu;gradient;24.59;37;8.07;164;38.5;25.8;5.81;80.2;37;NA;15.6;0.35;30085.88866;8.875167542;826.2421997;753.3498552;1277.543883;0.054017537;0.130820542;0.123059174;4.279294954;0.194972295;0.028737331;0.048799946;0.253278144;0.005911601;0.217091347;0.117393688;35.48788834;0;0.001810041;0.136527029;0;0.107334676;0;39936144.48;11780.93748;1096757.627;1695817.52;71.70312248;173.6517783;163.3493037;5680.355448;258.8071045;38.14606333;64.77726835;336.202552;7.847085234;288.1680346;155.8289119;47106.78324;0;2.402656529;181.2265948;0;142.4765337;0
A022;OCT;2022;Early wet;Piraque-acu;gradient;25.75;26;7.45;151;31.5;13.8;3.41;46.7;26;NA;11.7;0.05;28274.00108;20.65403052;760.5504306;913.424723;1557.805336;0.055144569;0.170575523;1.533316027;5.010241592;0.363196694;0.073149535;0.057446436;0.605919069;0.005523394;0.157328286;0.097675043;30.80187084;0;0.014114783;0.48683665;0;0.345333929;0;30953838.19;22611.63946;832636.1346;1705455.629;60.3712241;186.7428362;1678.6452;5485.117127;397.6208271;80.08271857;62.89126476;663.3486632;6.046906388;172.2400131;106.9327777;33721.30189;0;15.45259559;532.9794978;0;378.0650116;0
A023;OCT;2022;Early wet;Piraque-acu;gradient;27.87;21;7.39;150;30.2;15;3.37;45.7;21.15;NA;11.2;1;27999.57633;14.95793221;846.9316994;932.5974482;1594.267025;0.070087215;0.194615425;1.159585381;8.255401355;0.292877599;0.032847574;0.075931941;0.586288467;0.007478441;0.18681754;0.113011808;32.23416519;0;0.00220357;0.199487911;0;0.133762392;0.010032844;30023217.82;16039.00186;908142.8446;1709491.086;75.15269866;208.6810607;1243.39326;8852.052266;314.0450359;35.22160006;81.41984681;628.6618825;8.01893805;200.3195917;121.1796235;34563.85737;0;2.362830566;213.9057013;0;143.4299361;10.75795817
A024;OCT;2022;Early wet;Piraque-acu;gradient;24.79;17.65;7.34;148;28.6;18.4;3.22;43;17.8;NA;10.5;1.1;25365.79079;26.45072679;672.8357547;770.9990342;1318.183855;0.049184826;0.339239602;1.935961769;6.073628926;0.51890592;0.168567101;0.376752294;0.974158241;0.007599153;0.166564205;0.087025226;25.88306002;0;0.031453766;0.906181793;0;0.575836313;0.000177719;32899899.57;34307.08161;872680.4119;1709708.827;63.79362846;440.0000351;2510.978202;7877.608994;673.0305704;218.6346467;488.6546894;1263.501247;9.856241706;216.0368523;112.8733271;33570.80732;0;40.79611595;1175.334537;0;746.8703427;0.230505359
A025;OCT;2022;Early wet;Piraque-acu;gradient;24.75;11.54;7.29;151;19.4;7.3;4.03;51.9;12;NA;5.9;0.9;26675.45047;24.61339241;464.4253748;757.3203358;1293.983122;0.03170561;0.182283346;3.102628526;11.77666234;0.285777647;0.015187498;0.100415332;0.610283233;0.006079633;0.117099056;0.061658349;29.48711047;0;0.003705683;2.117042138;0;0.076249251;0;35223470.45;32500.63579;613248.2555;1708633.799;41.86552011;240.6951686;4096.850935;15550.43722;377.3537215;20.05425833;132.5929423;805.8455638;8.027821582;154.6228864;81.41647106;38936.1134;0;4.893151305;2795.438123;0;100.6829568;0
A026;OCT;2022;Early wet;Piraque-acu;gradient;24.52;7.93;7.2;140;13.7;10.8;4.57;57.4;8.52;NA;3.3;0.65;20770.37547;17.19790236;295.4785647;515.9998087;873.18161;0.024347389;0.103032058;2.483614538;4.656435996;0.241858175;0.020270105;0.094808443;2.728580776;0.00313056;0.127285935;0.037202216;25.77818581;0;0.000259817;2.532648226;0;0.379972976;0;40252680.56;33329.28051;572633.0896;1692213.05;47.18488051;199.6746058;4813.208254;9024.104113;468.7175676;39.28316367;183.7373599;5287.949201;6.066979248;246.6782599;72.09734425;49957.74295;0;0.503522052;4908.234815;0;736.3820098;0
A027;OCT;2022;Early wet;Piraque-acu;gradient;24.22;3.83;7.23;122;6.98;95.2;4.37;53.2;4.39;NA;0.3;0.85;8630.825173;36.41692363;172.7269469;192.9118815;320.6869627;0.008439138;0.132970999;2.249576663;6.139035051;0.180069373;0.011717575;0.060519067;0.606741697;0.007723525;0.072166906;0.042039779;15.03212936;0;0.000743795;4.618516234;0;0.075391371;0;44739728.34;188774.9129;895367.0738;1662349.463;43.74607759;689.2836156;11661.1618;31823.00127;933.4281109;60.7405572;313.7135272;3145.175362;40.03654231;374.092592;217.9221861;77922.25778;0;3.855619903;23941.06676;0;390.807297;0
A028;OCT;2022;Early wet;Piraque-acu;gradient;23.48;1.06;6.83;106;2.07;107;8.09;95.8;1.33;NA;0;0.15;16329.00069;20.24052447;854.8158862;907.6403995;1570.90179;0.005244838;0.129921463;2.269840679;6.423317699;0.206736928;0.006562614;0.078991584;0.455588705;0.003018656;0.264942879;0.275493183;21.58377671;0.000807213;0.000421695;4.976926828;0;0.065244436;0.001313595;17990605.86;22300.15817;941800.1741;1730753.491;5.778541366;143.1420008;2500.814949;7076.941158;227.7740479;7.230411575;87.02960294;501.9484642;3.325828156;291.9029162;303.5267963;23780.09696;0.889353326;0.464606207;5483.368558;0;71.88357375;1.447264156
A029;OCT;2022;Early wet;Piraque-acu;gradient;25.54;0;7.7;131;36.6;13.4;7.92;110.3;0;NA;14.4;0.2;451.9217251;16.96949293;106.232265;35.35268795;59.85165315;0;0.075284878;1.597791129;4.462646838;0.150112361;0.015395073;0.037075907;0.528671761;0.002736574;0.09020461;0.06929179;1.254706202;0;0.001340266;5.245706027;0;0.046493179;0;12783235.2;480005.7339;3004927.522;1692987.34;0;2129.537606;45195.74666;126232.1791;4246.137126;435.4710727;1048.743638;14954.21683;77.4078139;2551.562973;1960.014768;35491.11184;0;37.91128589;148382.0985;0;1315.124306;0
A030;NOV;2022;Early wet;Sao Mateus;low;27.761;4;NA;NA;NA;NA;NA;NA;NA;NA;NA;NA;16749.33606;78.35764083;298.0971194;383.4007481;640.4203359;0.024847398;0.066086687;4.00641205;7.432276053;0.238154061;0.010603581;0.11495424;0.505733965;0.005829378;0.074380339;0.053060499;26.46266519;0.000651354;0;4.839668054;0;0.065255379;0;43686237.29;204375.2945;777507.923;1670367.987;64.8079028;172.3697381;10449.67197;19385.13706;621.1622222;27.65665298;299.8278967;1319.074016;15.2043985;194.001548;138.3943547;69020.90129;1.698886456;0;12623.00107;0;170.201492;0
A031;NOV;2022;Early wet;Sao Mateus;gradient;28.04;1.07;7.57;128;2.1;35.2;5.07;65.2;1.35;NA;0;1.2;5120.617601;31.56565116;163.2940354;136.9791228;226.8532501;0.009467181;0.038735452;3.956354131;5.64045786;0.151232591;0.01216284;0.103721399;0.673180362;0.004882729;0.065523528;0.056976135;9.728066051;0;0.004129505;7.693050421;0;0.035532103;0;37382467.46;230441.3294;1192108.929;1656115.512;69.11404125;282.783619;28882.89872;41177.50022;1104.055772;88.79338227;757.2058955;4914.474181;35.64579077;478.3468207;415.9475858;71018.60379;0;30.1469688;56162.21117;0;259.3979487;0
A032;NOV;2022;Early wet;Sao Mateus;gradient;28.21;7.22;7.57;174;12.6;7.3;5.3;70.8;7.83;NA;1.8;0.7;25775.64206;27.43012085;322.6173369;598.9509278;1005.623532;0.015262054;0.078187997;2.478164122;5.398492664;0.196819383;0.010654771;0.075307934;0.429161723;0.003669082;0.094242396;0.054887096;34.94355082;0;0.001702112;1.241655167;0;0.117883377;0;43034647.51;45796.94191;538637.3439;1678974.829;25.4813102;130.5415746;4137.507777;9013.247018;328.6068582;17.78905458;125.7330617;716.5223439;6.125847939;157.3457719;91.63871961;58341.25835;0;2.841822003;2073.04991;0;196.8164192;0
A033;NOV;2022;Early wet;Sao Mateus;gradient;27.97;11.33;7.63;164;19.1;5.9;5.55;75.5;11.8;NA;4.9;0.75;25258.97866;11.71654992;431.7483953;691.5388153;1182.414619;0.022951193;0.044574073;1.947420686;3.098697611;0.171688589;0.033421739;0.080873962;0.432770092;0.002571536;0.08956971;0.063587654;30.88240141;0;0.005675995;0.707151448;0;0.164143619;0;36525756.91;16942.72204;624329.9518;1709831.167;33.18858289;64.45635751;2816.068517;4480.873008;248.2703572;48.32951974;116.947827;625.8073769;3.718571407;129.5223174;91.95095419;44657.50978;0;8.207775683;1022.576654;0;237.3599501;0
A034;NOV;2022;Early wet;Sao Mateus;gradient;27.94;16;7.67;147;21.9;5.8;5.76;79;13.5;13.12;6.2;0.5;27921.12825;16.77831121;480.9172891;799.2249544;1377.971542;0.025578122;0.083897628;1.481548039;4.98958862;0.289661436;0.020679127;0.101924929;0.431642764;0.0028641;0.116760684;0.069164877;33.17936955;0;0.002497941;0.552577445;0;0.120490068;0;34935255.83;20993.2274;601729.5712;1724134.781;32.00365822;104.9737348;1853.730957;6243.03407;362.4279172;25.87397541;127.5297132;540.0766847;3.583597342;146.0923906;86.53993678;41514.43141;0;3.125454168;691.3916313;0;150.7586406;0
A035;NOV;2022;Early wet;Sao Mateus;gradient;28.15;21;7.7;103;25.1;7.5;6.08;84.7;15.6;15.25;7.8;0.65;29916.73076;10.64859903;550.8821508;872.3328033;1501.012136;0.024187974;0.083425556;1.805903242;2.683807889;0.401712883;0.011359876;0.051087448;0.336875272;0.002297169;0.122297002;0.079762388;34.91409581;0;0.001205949;0.441236989;0;0.081882567;0;34295088.58;12207.03725;631504.5688;1720687.484;27.72791994;95.63500954;2070.199854;3076.587145;460.5041579;13.0224112;58.56417139;386.1774667;2.633362633;140.1953491;91.43573164;40023.82539;0;1.382441219;505.8126748;0;93.8662014;0
A036;NOV;2022;Early wet;Sao Mateus;gradient;27.59;35;7.66;93;34.2;21;6.72;96;20.8;21.43;12.5;0.6;29665.8946;9.138770438;923.482211;1019.166991;1743.266708;0.049978702;0.024332689;0.483941279;3.565028386;0.137637262;0.026013045;0.03780433;0.402757883;0.003429085;0.1578257;0.124428569;38.36799948;0;0.006200889;0.325508914;0;0.103415737;0.007281532;29107982.16;8966.90191;906114.7183;1710481.917;49.03877599;23.87507544;474.8400249;3497.982585;135.0487832;25.52383024;37.09336157;395.1834063;3.364595939;154.8575466;122.0884994;37646.43068;0;6.084271684;319.3872215;0;101.470846;7.144591748
A037;NOV;2022;Early wet;Sao Mateus;gradient;28.29;30;7.78;88;29.1;8.5;7.35;104.3;18;17.94;9.7;0.65;28434.70688;12.82797766;610.4659924;887.0055326;1524.318929;0.036944322;0.073805108;1.014128664;3.415541562;0.24527219;0.015083213;0.055749657;0.438111044;0.008837407;0.151999298;0.086426322;33.72045854;0;0.00233038;0.470546718;0;0.085931855;0.001742963;32056966.76;14462.11685;688232.4517;1718499.911;41.65061093;83.20704375;1143.31718;3850.642907;276.517092;17.00464362;62.85153218;493.921433;9.963192408;171.3622881;97.43605774;38016.06337;0;2.627244312;530.4890448;0;96.87860143;1.96499653
A038;NOV;2022;Early wet;Sao Mateus;gradient;27.75;26;7.79;101;32.1;12.1;6.78;96.3;19.6;19.98;11.4;0.65;30207.49788;12.38240977;607.493959;925.5688842;1605.954322;0.033530689;0.104691226;1.194812562;3.917499159;0.238231714;0.014573645;0.099061848;0.57228979;0.010446632;0.189085092;0.081179554;34.97327245;0;0.001881486;0.447586793;0;0.112585979;0;32636682.58;13378.16124;656346.5663;1735099.731;36.22711298;113.1101396;1290.895342;4232.531177;257.3895021;15.74560772;107.0280668;618.3113973;11.28671477;204.2906748;87.7077393;37785.70461;0;2.032788904;483.5802069;0;121.6397623;0
A039;NOV;2022;Early wet;Sao Mateus;gradient;28.45;0.5;7.41;153;1.04;12.6;4.04;52.2;0.66;0.51;0;0.6;2533.02257;11.72996186;138.5767874;75.86043002;124.7305486;0.005795315;0.061460897;4.76541441;9.939597607;0.159899;0.022831076;0.168483695;0.93084921;0.003443896;0.085655317;0.065699399;4.989382132;0;0.002015008;2.289245901;0;0.070699382;0;33390564.34;154625.5651;1826733.481;1644210.935;76.394439;810.1838733;62818.18345;131024.7991;2107.805086;300.9615906;2220.969413;12270.55014;45.39778769;1129.117211;866.0562441;65770.54903;0;26.56204564;30177.07519;0;931.966533;0
A040;OCT;2022;Early wet;Piraque-acu;gradient;25.22;32;7.7;160;35.6;20.5;4.02;50;32;NA;14.7;0.1;31272.27919;10.50811104;788.6603558;941.0214523;1601.891308;0.042683824;0.110977489;1.117810253;5.797660436;0.277511954;0.053228454;0.049207759;0.462344706;0.008279161;0.177993981;0.108727492;33.71713385;0;0.013050172;0.154903452;0;0.161178539;0;33232270.23;11166.70722;838089.6672;1702289.894;45.35903398;117.9330067;1187.869044;6161.028978;294.9050243;56.56454913;52.29185638;491.3221744;8.798057936;189.1497591;115.5419904;35830.35622;0;13.86809158;164.6120306;0;171.2804089;0
A041;JUN;2022;Early dry;Gramute;NA;NA;NA;NA;NA;NA;NA;NA;NA;NA;NA;NA;NA;31116.83406;7.15723486;913.3543774;1065.489024;1827.162112;0.046767557;0.084321262;0.164228438;3.474569077;0.249086655;0.020828875;0.043969447;0.49331715;0.004561366;0.185079857;0.117574246;35.95229088;0;0.005004644;0.125875831;0;0.388826336;0.005893091;29204274.63;6717.323877;857216.13;1714857.752;43.89304416;79.13855504;154.1343313;3261.008795;233.7768377;19.54865287;41.26691706;462.9959948;4.281007154;173.7041423;110.3476841;33742.52581;0;4.697039462;118.1390215;0;364.9275848;5.530879552
A042;DEC;2022;Early wet;Sao Mateus;low;24.59;0;7.38;59;6.52;126;2.3;28.2;4.11;3.56;0;NA;1119.333333;11.25555556;59.56410256;40.09302326;61.52272727;0.004613284;0.081389797;2.613578695;9.080701754;0.134290036;0.002830881;0.022149211;0.317539741;0.018994914;0.016219512;0.012117647;2.545454545;0.001510022;0.001151267;2.577179662;0;0.011010055;0;27918406.81;280736.0144;1485647.57;1534499.578;115.06452;2030.023927;65187.86769;226490.821;3349.461461;70.60781203;552.4455176;7920.074742;473.7710541;404.5469979;302.2382967;63488.71546;37.66295884;28.71489394;64280.00317;0;274.6127482;0
A043;JAN;2023;Late wet;Sao Mateus;low;28.88;6;7.07;171;12.9;544;9.26;125.2;8;NA;7.42;0.1;3603.583333;4.162962963;208.1794872;153.627907;234.3863636;0.006161211;0.027214658;2.099887038;4.633333333;0.081282319;0.004017045;0.017734671;0.217188805;0.024238864;0.012195122;0.027882353;11.93181818;0.001246852;0.000940471;2.399952599;0;0.020241515;0;23456567.26;27097.70018;1355089.002;1525675.694;40.10476326;177.1465812;13668.65617;30159.451;529.0856348;26.14788301;115.4391272;1413.732763;157.7764357;79.3809028;181.4927606;77666.99694;8.116050279;6.12174269;15621.85312;0;131.7567576;0
A044;FEB;2023;Late wet;Sao Mateus;gradient;27.7;0;6.19;251;0.13;106;5.09;64.8;0.08;0.06;0;0.25;121;4.455555556;56.48717949;13.53488372;17.84090909;0;0.078187455;0.805157238;2.685964912;0.133374899;0.001591085;0.012474579;0.225723848;0.003022669;0.007439024;0.024;0.426136364;0.002095559;0.000976323;2.738507836;0;0.051979707;0;8939862.543;329190.5307;4173451.405;1318142.768;0;5776.736391;59487.56229;198447.5794;9854.159172;117.5544026;921.6613489;16677.19151;223.3243638;549.6186405;1773.195876;31484.30178;154.8264978;72.13381744;202329.6168;0;3840.425091;0
A045;FEB;2023;Late wet;Sao Mateus;gradient;28.42;15;8.37;103;19.2;96.6;8.49;116.4;11.9;11.39;4.8;0.1;14780.91667;9.351851852;346.1025641;397.0232558;615.7045455;0.004808278;0.023288002;0.332593489;12.69649123;0.110646564;0.007874152;0.024344691;0.172858277;0.013733161;0.065487805;0.046;29.48863636;0.001666896;0.001472248;3.612980694;0;0.020335489;0;37229347.27;23554.92207;871743.806;1550802.217;12.11082327;58.65651803;837.7179031;31979.21291;278.6903856;19.83297298;61.3180476;435.3857726;34.59031827;164.9470249;115.8622306;74274.33011;4.198485261;3.708216277;9100.173961;0;51.21989372;0
A046;FEB;2023;Late wet;Sao Mateus;gradient;29.18;10;8.48;146;12.3;114;7.76;105.1;7.63;7.01;1.3;0;7249.375;4.959259259;202.4358974;166.6976744;252.9318182;0;0.023831418;0.35242133;4.356140351;0.087388086;0.002821199;0.027514314;0.845817391;0.038178275;0;0.026823529;12.78409091;0.001868976;0.001172111;4.238002436;0;0.012085409;0;43488159.18;29750.02067;1214389.452;1517308.619;0;142.9619127;2114.13465;26131.98034;524.2309847;16.92404682;165.0551751;5073.960351;229.0270432;0;160.9112395;76690.2775;11.21177157;7.031358068;25423.2847;0;72.49896631;0
A047;FEB;2023;Late wet;Sao Mateus;gradient;29.26;4;8.27;147;5.89;115;7.55;100.4;3.71;3.18;0;0.05;5838.125;13.32962963;170.1538462;103.9767442;160.1818182;0.003352183;0.070968733;0.737241485;4.494736842;0.173946323;0.002830652;0.067911363;0.828278036;0.048403598;0;0.028941176;8.011363636;0.002101319;0.001978152;5.743177744;0;0.094630699;0;56148372.85;128198.1825;1636460.609;1540554.279;32.23973344;682.5442908;7090.445951;43228.28992;1672.934885;27.22389149;653.1399222;7965.993191;465.5233042;0;278.3427842;77049.57199;20.20951153;19.02494676;55235.21426;0;910.1140771;0
A048;FEB;2023;Late wet;Sao Mateus;gradient;27.04;35;8.9;148;46.6;41.2;8.54;127.2;28.4;30.27;19.3;0;21739.375;4.981481481;514.5641026;451.627907;719.1136364;0.019142666;0.050753371;0.183454753;12.58245614;0.164297857;0.009226182;0.033511608;0.338827082;0.027322673;0.063292683;0.061647059;17.5;0.006333806;0.002343976;0.961038888;0;0.053548994;0;48135588.31;11030.05683;1139354.089;1592270.153;42.38592335;112.3787302;406.2077445;27860.22729;363.7903126;20.42872455;74.20180938;750.2350415;60.49819468;140.1434277;136.4996668;38748.71267;14.0243905;5.190060951;2127.943984;0;118.5688323;0
A049;FEB;2023;Late wet;Sao Mateus;gradient;26.8;32;8.57;158;44.2;70.1;7.29;116.5;27;28.55;18.1;0;20890.54167;12.01481481;456.8717949;404.6744186;633.6818182;0.027542784;0.017980368;0.33097474;11.35614035;0.10574966;0.007992173;0.057303313;0.515026353;0.026877973;0.049756098;0.055176471;16.92045455;0.011430689;0.002539542;0.372545179;0;0.051548441;0;51623084.4;29690.07741;1128986.103;1565905.303;68.06158934;44.43168975;817.8790762;28062.41222;261.320349;19.74963854;141.6034985;1272.693132;66.41875951;122.9534047;136.3478096;41812.51339;28.24663162;6.275519012;920.6047168;0;127.3825053;0
A050;FEB;2023;Late wet;Sao Mateus;gradient;28.33;22;8.84;63;33.4;33.5;8.29;119.8;20.4;20.94;11.9;0.1;15966.29167;14.03333333;224.2564103;258.9767442;405.0909091;0.017358076;0.042577968;0.366303867;7.552631579;0.148734979;0.003777869;0.035837332;0.345027812;0.023195243;0.018780488;0.022941176;12.97727273;0.00398522;0.001551247;0.670672632;0;0.032453778;0;61651449.5;54187.61973;865932.6186;1564198.015;67.02561624;164.408462;1414.427648;29163.35829;574.3178973;14.58767653;138.3805009;1332.273339;89.56496446;72.51804738;88.58392495;50109.7995;15.3883316;5.989907283;2589.702152;0;125.3154147;0
A051;FEB;2023;Late wet;Esquecidos;low;NA;40;NA;NA;NA;NA;NA;NA;NA;NA;NA;NA;26638.875;2.092592593;595.1538462;524.4651163;828.2272727;0.023592725;0.007191571;0.088072111;13.33157895;0.103972245;0.007919989;0.013720016;0.27212034;0.019870658;0.085121951;0.071882353;20.95454545;0.002625152;0.001638574;0.357942072;0;0.011466389;0;50792462.97;3989.955724;1134782.52;1579184.672;44.98435546;13.7122003;167.927491;25419.38164;198.2443489;15.10107832;26.16001677;518.853078;37.88747285;162.3024079;137.0584062;39954.12622;5.00538949;3.12427643;682.4897621;0;21.86301609;0
A052;FEB;2023;Late wet;Tres Ilhas;NA;19.41;35;8.92;90;51.7;1;12.76;169.5;31;33.86;24.1;8.5;22697.66667;3.681481481;646.7948718;545.1860465;863.2954545;0.011541901;0;0.049137691;14.91754386;0.082018124;0.008310575;0.015772908;0.289096088;0.016461179;0.067804878;0.08;22.13636364;0.002070469;0.000714276;0.555985264;0;0.008888962;0;41632882.59;6752.706723;1186374.589;1583487.802;21.17057317;0;90.13013351;27362.29945;150.4406151;15.24355778;28.93123855;530.2705186;30.19369095;124.3701641;146.7388986;40603.32024;3.797730026;1.310150068;1019.808316;0;16.30445648;0
A053;FEB;2023;Late wet;Sao Mateus;low;31.39;15;8.66;98;34.3;133;6.99;107.3;20.9;21.5;11.4;NA;5568.458333;3.17037037;447.5384615;462.3953488;712.1136364;0.00457913;0;2.403596481;14.1122807;0.054550366;0.006407586;0.018843088;0.046273099;0.021376792;0.015121951;0.056352941;36.97727273;0.001401006;0.000792367;1.618148082;0;0.012996441;0;12042634.83;6856.406273;967869.7302;1540053.632;9.90306291;0;5198.141563;30519.94519;117.9734316;13.85737579;40.75103235;100.0725884;46.23055073;32.70351066;121.8717734;79968.95475;3.02988813;1.713613918;3499.490395;0;28.10677251;0
A054;FEB;2023;Late wet;PARNA Abrolhos;NA;27.32;35;8.91;79;49.5;3.2;7;108.3;30.2;32.4;20.8;NA;26262.66667;4.718518519;686.4615385;681.6511628;1089.818182;0.012058194;0;0.109286397;18.69298246;0.103531221;0.01044795;0.008334211;0.293877566;0.015272218;0.081219512;0.084;30.46590909;0.00143025;0.000672989;0.54552664;0;0.011192416;0;38528015.65;6922.189495;1007056.946;1598791.642;17.68968402;0;160.325989;27423.09186;151.8829962;15.32741421;12.22650452;431.1260387;22.40474136;119.1511386;123.2301866;44694.2817;2.0982136;0.987292111;800.3017817;0;16.41956588;0
A055;FEB;2023;Late wet;PARNA Abrolhos;NA;27.27;35;8.93;97;49.9;2;6.27;97;30.4;32.7;21;NA;28551.25;4.377777778;726.8974359;836.255814;1267.363636;0.013672498;0.013774285;0.301167892;19.25087719;0.137892846;0.011433605;0.013398025;0.213650434;0.017087364;0.066219512;0.085294118;64.875;0.003786638;0.000685721;1.000958988;0;0.00824781;0;34141765.62;5234.9744;869228.5587;1515521.465;16.3496599;16.47137738;360.1384732;23020.3209;164.8931385;13.67237739;16.02144363;255.4845426;20.43317768;79.18571218;101.9952462;77577.93598;4.528086213;0.819989171;1196.953098;0;9.862784026;0
A056;FEB;2023;Late wet;Caravelas;gradient;29.93;32;8.65;94;44.8;11.8;3.82;60.1;27.3;29;17.4;NA;22714.875;3.425925926;598.5128205;614.4186047;941.0909091;0.019699973;0;0.101232929;16.68596491;0.086176263;0.008068637;0.025383677;0.239750167;0.013905274;0.090731707;0.071647059;46.48863636;0.005530151;0.000947692;0.716826322;0;0.005303159;0;36969705.72;5575.882468;974112.4634;1531677.104;32.0627866;0;164.7621473;27157.32366;140.256597;13.1321494;41.3133278;390.2065555;22.63159581;147.6708333;116.6095204;75662.8071;9.000624536;1.542421349;1166.674181;0;8.631182456;0
A057;FEB;2023;Late wet;Caravelas;gradient;28.77;31;8.23;110;41.7;14.1;1.23;18.7;25.4;26.7;16.1;NA;24809.70833;4.548148148;606.0512821;594.9302326;917.9318182;0.023525374;0.013447376;1.192546916;15.14385965;0.148857443;0.008277899;0.010164016;0.202172539;0.017170347;0.082195122;0.072470588;35.76136364;0.002150663;0.001698024;0.812979198;0;0.004368237;0;41701878.6;7644.842873;1018693.031;1542923.469;39.54307976;22.6032826;2004.515572;25454.8497;250.2099152;13.91406762;17.0843837;339.8256267;28.86110939;138.1592621;121.8135914;60110.18045;3.614983554;2.854156968;1366.511826;0;7.342435095;0
A058;FEB;2023;Late wet;Caravelas;gradient;29.4;25;8.23;58;36.1;22.1;2.15;32.3;22;22.8;13;NA;26509.25;2.818518519;447.6153846;615.5116279;944.2045455;0.026349526;0.028435725;1.141854087;16.34035088;0.102081624;0.009578348;0.032026605;0.253437826;0.018401738;0.062073171;0.048;34.92045455;0.001750178;0.000547818;1.014491828;0;0.00338832;0;43068642.08;4579.147478;727224.9042;1534015.773;42.80914367;46.19851753;1855.130002;26547.59088;165.8484081;15.56160339;52.03249462;411.7514841;29.89665438;100.8480879;77.98390448;56734.029;2.84345252;0.89002108;1648.209037;0;5.504884108;0
A059;FEB;2023;Late wet;Caravelas;gradient;28.35;15;7.95;26;24.2;25.3;1.93;27.1;15;14.6;7.2;NA;16123.70833;5.488888889;592.5128205;313.0697674;470.5;0.021579428;0.055015383;1.53135121;10.18070175;0.156779067;0.006973281;0.026920304;0.201286613;0.026146788;0.07597561;0.067294118;24.43181818;0.001866198;0.000540473;1.160734322;0;0.005969452;0;51501965.41;17532.47825;1892590.349;1502859.902;68.92849496;175.728827;4891.405587;32518.95524;500.7799629;22.27388874;85.98819561;642.9449087;83.51744899;242.6794844;214.949269;78039.53215;5.960966483;1.726367011;3707.589946;0;19.06748122;0
A060;FEB;2023;Late wet;Caravelas;gradient;27.8;12;7.8;10;16.4;21.2;4.85;65.7;10.2;9.6;3.7;NA;4966.041667;3.107407407;340.0512821;272.8837209;411.3863636;0.003086925;0.005423878;0.469629235;6.864912281;0.053300418;0.004337478;0.080877267;0.143515606;0.019906562;0.030365854;0.036588235;21.60227273;0.00129744;0.000633621;1.490907298;0;0.004530473;0;18198380.06;11387.29491;1246139.861;1507551.869;11.31223621;19.87614983;1720.98663;25156.91393;195.3228188;15.89496818;296.3799636;525.9221975;72.94887933;111.2776297;134.0799487;79162.92204;4.754551555;2.321943349;5463.525977;0;16.60221067;0
A061;FEB;2023;Late wet;Caravelas;gradient;27.98;14;7.78;17;19.3;32.8;6.43;88.3;12;11.4;5;NA;7207.083333;4.962962963;391.2820513;303.8604651;457.6136364;0.009279903;0.034568058;0.772351211;8.678947368;0.10165617;0.005862355;0.257431017;0.299043773;0.017438849;0.008292683;0.042823529;23.46590909;0.001348056;0.004158231;1.764146512;0;0.041511143;0;23718397.62;16333.03286;1287703.062;1505999.262;30.54001588;113.7629329;2541.795659;28562.27896;334.5488536;19.292918;847.2014177;984.1483407;57.3909759;27.29108877;140.9315601;77225.93685;4.436429409;13.68467232;5805.778358;0;136.6125164;0
A062;FEB;2023;Late wet;Caravelas;gradient;32.11;35;9.19;80;49.3;142;7.02;116.9;30.1;32.2;19.1;NA;28240.29167;3.622222222;591.3076923;639.1627907;990.9090909;0.006467156;0.009665494;0.089441872;16.25438596;0.097050055;0.007723289;0.028036841;0.233828323;0.011425329;0.045609756;0.066705882;29.23863636;0.002200408;0.002000512;0.548328719;0;0.017679568;0;44183253.59;5667.135626;925128.4664;1550323.494;10.11816644;15.12211574;139.9359812;25430.74503;151.8393384;12.08344638;43.86494484;365.8353176;17.87546004;71.3585909;104.3644645;45745.21044;3.442640258;3.12989413;857.8858572;0;27.66050895;0
A063;FEB;2023;Late wet;Caravelas;gradient;30.7;16;8.1;78;27.6;21.2;5.72;84.6;17.1;16.9;8.2;NA;17950.25;13.74814815;318.8717949;349.6511628;548.9772727;0.012422379;0.024946583;2.126484325;11.95789474;0.092884298;0.007794041;0.020709353;0.249759835;0.010537109;0.071219512;0.034117647;14.55681818;0.006919128;0.001358708;1.566067401;0;0.012740081;0;51337595.61;39319.61226;911971.2125;1570071.349;35.5279214;71.34706042;6081.731027;34199.49941;265.6484743;22.2909045;59.22861169;714.3114677;30.13606144;203.6873312;97.57624367;41632.40318;19.78865957;3.885894427;4478.942351;0;36.43654584;0
A064;FEB;2023;Late wet;Caravelas;gradient;31.14;0;5.3;167;0.07;3.4;8.08;109;0.04;0;0;NA;85.04166667;5.922222222;25.29487179;5.455813953;7.204545455;0;0;0.422079386;1.885964912;0.03842411;0;0.020405272;0.200340724;0.001919053;0;0;0.168181818;0.002109779;0.002594072;1.95718469;0;0.027737921;0;15587347.26;1085488.302;4636314.95;1320526.234;0;0;77363.22925;345679.8433;7042.782233;0;3740.096714;36720.59308;351.7445687;0;0;30826.16446;386.702952;475.4692081;358733.7667;0;5084.10309;0
A065;MAR;2023;Late wet;Sao Mateus;low;30.99;15;8.78;59;29.7;121;3.03;45.3;18.4;18.3;9.2;NA;21204.58333;5.785185185;283.8461538;335.627907;509.7727273;0.030368835;0.009337724;6.661546561;8.549122807;0.064125797;0.004413875;0.02018772;0.314796779;0.04528141;0.04097561;0.033411765;21.10227273;0.001558531;0.000881645;1.681546538;0;0.008601626;0;63178844.47;17236.90154;845716.7832;1518862.754;90.48364028;27.82165576;19848.01151;25472.0261;191.062172;13.15109582;60.14910929;937.933863;134.9155091;122.0864204;99.55001956;62874.01104;4.64362624;2.626853512;5010.151131;0;25.62846028;0
A066;APR;2023;Early dry;Sao Mateus;low;28.93;25;7.69;125;5.37;74.3;6.67;88;3.38;2.89;0;0.6;4711.291667;5.703703704;144.5897436;73.20930233;111.6818182;0.004155059;0;0.950235168;2.098245614;0.047059956;0.000829938;0.042805119;0.246509117;0.018537375;0.008414634;0.024352941;5.306818182;0.001520456;0.001735987;4.224053448;0;0.067127645;0;64353729.88;77909.54868;1975018.734;1525514.035;56.75589427;0;12979.70528;28660.91531;642.8138862;11.33651459;584.6950842;3367.182988;253.2106435;114.9394118;332.64818;72488.30426;20.7686143;23.71266114;57698.31584;0;916.9278059;0
A067;APR;2023;Early dry;Rasa de Dentro;NA;NA;35;NA;NA;NA;NA;NA;NA;NA;NA;NA;NA;26335.45833;10.2;545.6923077;455.2790698;724.9090909;0.040439846;0.008623399;0.080748845;14.47017544;0.092889507;0.005833316;0.032921911;0.295726156;0.053383247;0.007317073;0.064823529;17.28409091;0.002213727;0.001011356;1.406687345;0;0.007392082;0;57844649.76;22403.84124;1198588.611;1592230.214;88.824302;18.94090732;177.3612065;31783.08954;204.027625;12.81261563;72.31149752;649.5492009;117.2539008;16.07162213;142.3819668;37963.72831;4.86235099;2.221398596;3089.725487;0;16.23637664;0
A068;MAY;2023;Early dry;Itapemirim;rising;NA;5;NA;NA;NA;NA;NA;NA;NA;NA;NA;NA;4763.375;12.32962963;166.6666667;79;121.0681818;0.001717507;0.058535606;1.072747887;3.412280702;0.078181272;0.000948951;0.090726088;0.332006607;0.002850057;0;0.019647059;5.336363636;0.004275983;0.001229926;1.469438781;0;0.019915075;0;60295886.08;156071.2611;2109704.641;1532508.631;21.74059458;740.9570384;13579.08718;43193.4266;989.6363597;12.01203485;1148.431489;4202.615284;36.07667417;0;248.6969471;67548.90679;54.12636474;15.56868816;18600.4909;0;252.0895565;0
A069;MAY;2023;Early dry;Sao Mateus;low;24.36;24;7.98;21;32.2;24.3;9.5;129.8;19.7;20.1;12.4;NA;23115.45833;4.440740741;313.7179487;408.3488372;639.6136364;0.012067507;0.059325345;1.115049455;10.73684211;0.124810056;0.005620494;0.043909537;0.25214236;0.013701841;0.029878049;0.033058824;20.98863636;0.003066518;0.000800698;0.70239931;0;0.019559687;0;56607136.42;10874.87054;768259.6842;1566341.27;29.55195745;145.281044;2730.62968;26293.30887;305.6456762;13.76395244;107.5294777;617.4680502;33.55425433;73.16795362;80.95731031;51398.79057;7.509554468;1.960818079;1720.096267;0;47.89945614;0
A070;MAY;2023;Early dry;Itapemirim;gradient;25.08;16;8.63;24;44.6;3.4;7.93;115.6;27.2;28.8;18.8;NA;25906.66667;2.796296296;422.8461538;566.0465116;888.7272727;0.011043969;0.042493984;0.14261822;12.57368421;0.123024589;0.007235872;0.037211111;0.2630622;0.012400652;0.048170732;0.046;28.69318182;0.002042432;0.001596253;0.830283329;0;0.031516541;0;45767734.87;4940.046867;747016.6235;1570060.506;19.51071019;75.07154178;251.9549483;22213.16438;217.3400704;12.78317549;65.73861088;464.7360142;21.90747836;85.10030663;81.26540674;50690.50198;3.608241342;2.820003025;1466.811139;0;55.67835873;0
A071;MAY;2023;Early dry;Itapemirim;gradient;25.2;28;8.17;93;47;1;7.1;104.9;28.7;30.6;20.1;NA;26341.66667;16.6037037;408.3076923;633.5813953;1001.840909;0.014510775;0.036343945;0.084821209;21.14912281;0.13132128;0.005575543;0.065337552;0.397773537;0.0172083;0.032195122;0.046588235;18.94318182;0.001376041;0.002143826;0.397161259;0;0.050772244;0;41575820.98;26206.10994;644443.9425;1581234.734;22.90277882;57.36270939;133.8757895;33380.27752;207.2682074;8.800041482;103.1241645;627.8175784;27.16036209;50.81450022;73.5315709;29898.5765;2.171845682;3.383663348;626.851202;0;80.1353134;0
A072;MAY;2023;Early dry;Itapemirim;gradient;25.05;31;8.24;99;48.1;0.2;7;103.8;29.4;31.4;20.7;NA;107199.8333;397.1111111;3188.769231;2509.976744;3991.931818;0.012086643;0.033555071;0.061840396;859.754386;0.119225525;0.006359118;0.026667305;0.169493901;0.011175679;0.059878049;0.442352941;100.4431818;0.001353132;0.00102365;0.562444937;0;0.017878192;0;42709492.66;158213.0639;1270437.759;1590425.819;4.815440354;13.36867822;24.63783633;342534.8016;47.50064915;2.533536559;10.62452272;67.5280764;4.452503139;23.85601736;176.2378644;40017.57469;0.539101392;0.40783258;224.0837246;0;7.122851807;0
A073;MAY;2023;Early dry;Itapemirim;gradient;25.12;35;7.99;125;47.4;0;6.51;96.3;28.9;30.9;20.3;NA;28826.29167;4.492592593;488.2051282;535.9069767;854.4772727;0.016029706;0.042527396;0.0747499;12.3245614;0.120284982;0.007121155;0.018552904;0.297017479;0.013827682;0.068292683;0.056470588;21.79545455;0.001710794;0.001562896;1.400236237;0;0.061839634;0;53789730.15;8383.157502;910988.5659;1594450.735;29.91135843;79.3559283;139.4829761;22997.57596;224.4512334;13.28804369;34.61963429;554.2332748;25.80239158;127.4338381;105.3738628;40670.21982;3.192334083;2.916356662;2612.834499;0;115.3924772;0
A074;MAY;2023;Early dry;Itapemirim;gradient;24.81;21;8.45;101;48.6;0.5;6.26;92.6;29.6;31.7;21;NA;24456.5;7.085185185;394.1538462;503.3488372;801.7272727;0.011654541;0.047458924;0.156079942;15.7;0.109380639;0.006598563;0.162107293;0.210502366;0.010355929;0.019390244;0.043411765;21.43181818;0.005639139;0.000906912;0.502162287;0;0.013633726;0;48587576.23;14076.09328;783062.9913;1592786.58;23.15400437;94.2863487;310.0830479;31191.09222;217.3058335;13.10932326;322.0575486;418.2037387;20.57405898;38.5224768;86.24588257;42578.4597;11.20324324;1.801756641;997.6426882;0;27.08603835;0
A075;MAY;2023;Early dry;Itapemirim;gradient;24.62;5;7.86;102;13;21.9;6.45;83.4;7.55;7.2;2.7;NA;4677.083333;6.007407407;167.6666667;129.2325581;194.7954545;0.00519267;0.067387142;0.317708366;3.796491228;0.085826386;0.003671275;0.005849374;0.03969974;0.01073341;0.01195122;0.016;9.272727273;0.002825049;0.000847477;1.444455533;0;0.004708673;0;36191215.28;46485.24717;1297402.675;1507324.914;40.18081744;521.4409039;2458.423564;29377.20403;664.123559;28.4082838;45.2623827;307.1961139;83.05500225;92.47839464;123.80781;71752.2535;21.8601925;6.557767323;11177.17976;0;36.43565676;0
A076;MAY;2023;Early dry;Itapemirim;gradient;24.52;0;7.77;106;10.6;20.7;6.66;84.1;6.57;6;1.8;NA;1887.5;6.562962963;93.51282051;68.34883721;101.3181818;0.003167072;0.068819168;0.269509905;2.21754386;0.084103498;0.002817667;0.037314341;0.077570187;0.00947538;0;0.009176471;4.363636364;0.001629814;0.000937408;1.889379374;0;0.022256251;0;27615685.61;96021.57448;1368169.882;1482368.771;46.33687801;1006.881323;3943.152738;32444.50016;1230.503717;41.22479715;545.9396549;1134.915967;138.6326421;0;134.2593519;63843.60791;23.84553044;13.71506076;27643.1824;0;325.627357;0
A077;MAY;2023;Early dry;Itapemirim;gradient;24.42;0;7.34;145;0.94;29.1;7.06;86.5;0.57;0.4;0;NA;189.0833333;9.47037037;27.84615385;15.69767442;24.77272727;0.004889846;0.168215311;0.312594001;2.559649123;0.299665005;0.003529255;0.013569421;0.058463397;0.010198007;0;0;0.471590909;0.001781253;0.000795759;1.516184787;0;0.008444296;0;12045308.64;603297.668;1773903.134;1578114.478;311.5012849;10715.93834;19913.39562;163059.1293;19089.77069;224.8266442;864.4223438;3724.334891;649.6507974;0;0;30042.08754;113.4724405;50.692795;96586.58642;0;537.9329181;0
A078;MAY;2023;Early dry;Itapemirim;gradient;24.85;10;8.25;63;28.8;12.65;7.19;99.5;17.38;18;10.75;NA;9394.833333;7.444444444;331.3076923;310.1395349;474.0681818;0.006854486;0.064678167;0.163345846;6.775438596;0.100461205;0.005722301;0.025689318;0.124013949;0.012711063;0.007682927;0.037411765;23.42045455;0.001357127;0.00107787;1.52380491;0;0.028584124;0;30292279.04;24003.53263;1068253.657;1528564.174;22.10129657;208.5453791;526.6850175;21846.42019;323.9226002;18.45073191;82.83148395;399.8650119;40.98498046;24.77248453;120.6288154;75515.86274;4.3758594;3.475435521;4913.288178;0;92.16536652;0
A079;FEB;2023;Late wet;Regencia;NA;NA;0;NA;NA;NA;NA;NA;NA;NA;NA;NA;NA;330;6.214814815;32.53846154;15.51162791;23.77272727;0.000263808;0.135865103;0.377899331;1.464912281;0.166753354;0.003084368;0.038003393;0.195671219;0.005065377;0;0.004823529;0.592045455;0.001319831;0.00087167;1.766997956;0;0.028380556;0;21274362.82;400655.2279;2097681.928;1532574.622;17.00711638;8758.919707;24362.32568;94439.62229;10750.2162;198.8423382;2449.993865;12614.48639;326.5535254;0;310.962166;38167.84789;85.08658782;56.19462429;113914.4109;0;1829.631077;0
A080;JUN;2023;Early dry;Sao Mateus;low;24.19;25;NA;NA;NA;NA;NA;NA;NA;NA;NA;NA;24898.58333;7.948148148;484.5128205;581.3488372;893.3863636;0.014355918;0.070490464;1.298860521;13.68421053;0.123716223;0.008927181;0.029247782;0.199741232;0.013793941;0.040365854;0.058235294;43.75;0.00138254;0.000890745;1.005288258;0;0.018216688;0;42828989.65;13671.90857;833428.7256;1536747.485;24.69415379;121.2532989;2234.218833;23538.7252;212.8089277;15.3559792;50.31020928;343.5824063;23.72747704;69.43482308;100.1727197;75256.02048;2.378158749;1.532203482;1729.234143;0;31.33520943;0
